year,report,account,fs_type,current,previous
2022,사업보고서,유동자산,,28733332000000.0,26907075000000.0
2022,사업보고서,현금및현금성자산,,4977007000000.0,5057982000000.0
2022,사업보고서,단기금융상품,,415625000000.0,474637000000.0
2022,사업보고서,단기투자자산,,1016360000000.0,3139923000000.0
2022,사업보고서,매출채권,,5186054000000.0,8267111000000.0
2022,사업보고서,기타수취채권,,272512000000.0,171464000000.0
2022,사업보고서,재고자산,,15664707000000.0,8950087000000.0
2022,사업보고서,당기법인세자산,,14523000000.0,4113000000.0
2022,사업보고서,기타유동자산,,1186544000000.0,841728000000.0
2022,사업보고서,기타금융자산,,,30000000.0
2022,사업보고서,비유동자산,,75138180000000.0,69439450000000.0
2022,사업보고서,관계기업 및 공동기업투자,,1352845000000.0,1410428000000.0
2022,사업보고서,장기투자자산,,5733544000000.0,6665513000000.0
2022,사업보고서,기타수취채권,,354167000000.0,339517000000.0
2022,사업보고서,기타금융자산,,115712000000.0,91139000000.0
2022,사업보고서,유형자산,,60228528000000.0,53225667000000.0
2022,사업보고서,사용권자산,,1779985000000.0,1597344000000.0
2022,사업보고서,무형자산,,3512107000000.0,4797162000000.0
2022,사업보고서,투자부동산,,223000000.0,164197000000.0
2022,사업보고서,이연법인세자산,,657115000000.0,590244000000.0
2022,사업보고서,종업원급여자산,,1332253000000.0,428962000000.0
2022,사업보고서,기타비유동자산,,71701000000.0,129277000000.0
2022,사업보고서,자산총계,,103871512000000.0,96346525000000.0
2022,사업보고서,유동부채,,19843696000000.0,14735395000000.0
2022,사업보고서,매입채무,,2186230000000.0,1359247000000.0
2022,사업보고서,미지급금,,5445335000000.0,4606716000000.0
2022,사업보고서,기타지급채무,,3024648000000.0,2278316000000.0
2022,사업보고서,차입금,,7423247000000.0,2880763000000.0
2022,사업보고서,충당부채,,251889000000.0,10167000000.0
2022,사업보고서,당기법인세부채,,696553000000.0,3002734000000.0
2022,사업보고서,리스부채,,280873000000.0,302059000000.0
2022,사업보고서,기타유동부채,,534335000000.0,294780000000.0
2022,사업보고서,기타금융부채,,586000000.0,613000000.0
2022,사업보고서,비유동부채,,20737274000000.0,19420072000000.0
2022,사업보고서,장기미지급금,,2958659000000.0,2693301000000.0
2022,사업보고서,기타지급채무,,28083000000.0,32215000000.0
2022,사업보고서,차입금,,15571357000000.0,14743046000000.0
2022,사업보고서,충당부채,,1404000000.0,
2022,사업보고서,확정급여부채,,69952000000.0,1200000000.0
2022,사업보고서,이연법인세부채,,382477000000.0,627995000000.0
2022,사업보고서,리스부채,,1516208000000.0,1223703000000.0
2022,사업보고서,기타금융부채,,4290000000.0,4606000000.0
2022,사업보고서,기타비유동부채,,204844000000.0,94006000000.0
2022,사업보고서,부채총계,,40580970000000.0,34155467000000.0
2022,사업보고서,지배기업의 소유지분,,63266355000000.0,62157072000000.0
2022,사업보고서,자본금,,3657652000000.0,3657652000000.0
2022,사업보고서,자본잉여금,,4336170000000.0,4334643000000.0
2022,사업보고서,기타자본,,-2311409000000.0,-2294562000000.0
2022,사업보고서,기타포괄손익누계액,,898682000000.0,675271000000.0
2022,사업보고서,이익잉여금,,56685260000000.0,55784068000000.0
2022,사업보고서,비지배지분,,24187000000.0,33986000000.0
2022,사업보고서,자본총계,,63290542000000.0,62191058000000.0
2022,사업보고서,부채및자본총계,,103871512000000.0,96346525000000.0
2022,사업보고서,매출액,,44621568000000.0,42997792000000.0
2022,사업보고서,매출원가,,28993713000000.0,24045600000000.0
2022,사업보고서,매출총이익,,15627855000000.0,18952192000000.0
2022,사업보고서,판매비와관리비,,8818438000000.0,6541852000000.0
2022,사업보고서,영업이익,,6809417000000.0,12410340000000.0
2022,사업보고서,금융수익,,3714278000000.0,2377516000000.0
2022,사업보고서,금융비용,,5091553000000.0,1469860000000.0
2022,사업보고서,지분법투자 관련 손익,,131186000000.0,162280000000.0
2022,사업보고서,기타영업외수익,,241371000000.0,116135000000.0
2022,사업보고서,기타영업외비용,,1801919000000.0,180424000000.0
2022,사업보고서,법인세비용차감전순이익,,4002780000000.0,13415987000000.0
2022,사업보고서,법인세비용,,1761111000000.0,3799799000000.0
2022,사업보고서,당기순이익,,2241669000000.0,9616188000000.0
2022,사업보고서,법인세차감후 기타포괄손익,,580499000000.0,1071330000000.0
2022,사업보고서,확정급여제도의 재측정요소,,349453000000.0,-13694000000.0
2022,사업보고서,해외사업장환산외환차이,,154321000000.0,963288000000.0
2022,사업보고서,파생상품평가이익,,5725000000.0,10143000000.0
2022,사업보고서,관계기업의 기타포괄손익에 대한 지분,,71000000000.0,111593000000.0
2022,사업보고서,총포괄이익,,2822168000000.0,10687518000000.0
2022,사업보고서,지배기업의 소유주지분,,2229560000000.0,9602316000000.0
2022,사업보고서,비지배지분,,12109000000.0,13872000000.0
2022,사업보고서,지배기업의 소유주지분,,2802424000000.0,10669346000000.0
2022,사업보고서,비지배지분,,19744000000.0,18172000000.0
2022,사업보고서,기본주당순이익,,3242.0,13989.0
2022,사업보고서,희석주당순이익,,3242.0,13984.0
2022,사업보고서,영업활동 현금흐름,,14780517000000.0,19797648000000.0
2022,사업보고서,영업으로부터 창출된 현금흐름,,19083888000000.0,20951478000000.0
2022,사업보고서,이자의 수취,,77430000000.0,17341000000.0
2022,사업보고서,이자의 지급,,494513000000.0,240942000000.0
2022,사업보고서,배당금의 수취,,93067000000.0,84679000000.0
2022,사업보고서,법인세의 납부,,3979355000000.0,1014908000000.0
2022,사업보고서,투자활동 현금흐름,,-17883746000000.0,-22392277000000.0
2022,사업보고서,단기금융상품의 감소,,2022053000000.0,2572550000000.0
2022,사업보고서,단기금융상품의 증가,,1966360000000.0,2600586000000.0
2022,사업보고서,단기투자자산의 순증감,,2195111000000.0,-1548448000000.0
2022,사업보고서,기타금융자산의 감소,,29950000000.0,213000000.0
2022,사업보고서,기타금융자산의 처분(취득),,600000000.0,29830000000.0
2022,사업보고서,기타수취채권의 감소,,39051000000.0,47027000000.0
2022,사업보고서,기타수취채권의 증가,,72248000000.0,79537000000.0
2022,사업보고서,장기투자자산의 처분,,4306000000.0,45972000000.0
2022,사업보고서,장기투자자산의 취득,,115537000000.0,130318000000.0
2022,사업보고서,유형자산의 처분,,323718000000.0,79940000000.0
2022,사업보고서,유형자산의 취득,,19010261000000.0,12486635000000.0
2022,사업보고서,무형자산의 처분,,1018000000.0,2073000000.0
2022,사업보고서,무형자산의 취득,,738621000000.0,973893000000.0
2022,사업보고서,투자부동산의 처분,,263211000000.0,
2022,사업보고서,관계기업투자의 처분,,209843000000.0,
2022,사업보고서,관계기업투자의 취득,,40717000000.0,44862000000.0
2022,사업보고서,사업결합으로 인한 순현금유출,,1027663000000.0,7250087000000.0
2022,사업보고서,기타,,,4144000000.0
2022,사업보고서,재무활동 현금흐름,,2821796000000.0,4492313000000.0
2022,사업보고서,차입금의 차입,,11917454000000.0,8933737000000.0
2022,사업보고서,차입금의 상환,,7124565000000.0,3320911000000.0
2022,사업보고서,리스부채의 상환,,301858000000.0,323975000000.0
2022,사업보고서,배당금의 지급,,1680905000000.0,805024000000.0
2022,사업보고서,자기주식의 처분,,11653000000.0,8484000000.0
2022,사업보고서,주식선택권의 행사,,17000000.0,2000000.0
2022,사업보고서,비지배지분의 증가,,,
2022,사업보고서,현금및현금성자산의 환율변동효과,,200458000000.0,184309000000.0
2022,사업보고서,현금및현금성자산의 순증감,,-80975000000.0,2081993000000.0
2022,사업보고서,기초 현금및현금성자산,,5057982000000.0,2975989000000.0
2022,사업보고서,기말 현금및현금성자산,,4977007000000.0,5057982000000.0
2022,사업보고서,기초자본,,55784068000000.0,46995728000000.0
2022,사업보고서,기초자본,,3657652000000.0,3657652000000.0
2022,사업보고서,기초자본,,4334643000000.0,4143736000000.0
2022,사업보고서,기초자본,,62191058000000.0,51909097000000.0
2022,사업보고서,기초자본,,33986000000.0,20556000000.0
2022,사업보고서,기초자본,,62157072000000.0,51888541000000.0
2022,사업보고서,기초자본,,-2294562000000.0,-2503122000000.0
2022,사업보고서,기초자본,,675271000000.0,-405453000000.0
2022,사업보고서,당기순이익,,2229560000000.0,9602316000000.0
2022,사업보고서,당기순이익,,2241669000000.0,9616188000000.0
2022,사업보고서,당기순이익,,12109000000.0,13872000000.0
2022,사업보고서,당기순이익,,2229560000000.0,9602316000000.0
2022,사업보고서,확정급여제도의 재측정요소,,349453000000.0,-13694000000.0
2022,사업보고서,확정급여제도의 재측정요소,,349453000000.0,-13694000000.0
2022,사업보고서,확정급여제도의 재측정요소,,349453000000.0,-13694000000.0
2022,사업보고서,관계기업의 기타포괄손익에 대한 지분,,71000000000.0,111593000000.0
2022,사업보고서,관계기업의 기타포괄손익에 대한 지분,,71000000000.0,111593000000.0
2022,사업보고서,관계기업의 기타포괄손익에 대한 지분,,71000000000.0,111593000000.0
2022,사업보고서,파생금융상품평가이익,,5725000000.0,10143000000.0
2022,사업보고서,파생금융상품평가이익,,5725000000.0,10143000000.0
2022,사업보고서,파생금융상품평가이익,,5725000000.0,10143000000.0
2022,사업보고서,해외사업장환산외환차이,,154321000000.0,963288000000.0
2022,사업보고서,해외사업장환산외환차이,,7635000000.0,4300000000.0
2022,사업보고서,해외사업장환산외환차이,,146686000000.0,958988000000.0
2022,사업보고서,해외사업장환산외환차이,,146686000000.0,958988000000.0
2022,사업보고서,비지배지분의 감소,,-26459000000.0,
2022,사업보고서,비지배지분의 감소,,-26459000000.0,
2022,사업보고서,배당금의 지급,,3084000000.0,4742000000.0
2022,사업보고서,배당금의 지급,,1677821000000.0,800282000000.0
2022,사업보고서,배당금의 지급,,1677821000000.0,800282000000.0
2022,사업보고서,배당금의 지급,,1680905000000.0,805024000000.0
2022,사업보고서,자기주식의 처분,,1527000000.0,191247000000.0
2022,사업보고서,자기주식의 처분,,1731000000.0,206308000000.0
2022,사업보고서,자기주식의 처분,,3258000000.0,397555000000.0
2022,사업보고서,자기주식의 처분,,3258000000.0,397555000000.0
2022,사업보고서,주식선택권의 부여/행사,,7241000000.0,2252000000.0
2022,사업보고서,주식선택권의 부여/행사,,,-340000000.0
2022,사업보고서,주식선택권의 부여/행사,,7241000000.0,1912000000.0
2022,사업보고서,주식선택권의 부여/행사,,7241000000.0,1912000000.0
2022,사업보고서,주식선택권 조건변경,,-25819000000.0,
2022,사업보고서,주식선택권 조건변경,,-25819000000.0,
2022,사업보고서,주식선택권 조건변경,,-25819000000.0,
2022,사업보고서,기말자본,,898682000000.0,675271000000.0
2022,사업보고서,기말자본,,56685260000000.0,55784068000000.0
2022,사업보고서,기말자본,,3657652000000.0,3657652000000.0
2022,사업보고서,기말자본,,4336170000000.0,4334643000000.0
2022,사업보고서,기말자본,,63266355000000.0,62157072000000.0
2022,사업보고서,기말자본,,24187000000.0,33986000000.0
2022,사업보고서,기말자본,,63290542000000.0,62191058000000.0
2022,사업보고서,기말자본,,-2311409000000.0,-2294562000000.0
2022,반기보고서,유동자산,,29719276000000.0,26870451000000.0
2022,반기보고서,현금및현금성자산,,4546312000000.0,5057982000000.0
2022,반기보고서,단기금융상품,,423420000000.0,474637000000.0
2022,반기보고서,단기투자자산,,2525868000000.0,3139923000000.0
2022,반기보고서,매출채권,,9040032000000.0,8267111000000.0
2022,반기보고서,기타수취채권,,168146000000.0,171464000000.0
2022,반기보고서,재고자산,,11878738000000.0,8916605000000.0
2022,반기보고서,당기법인세자산,,15420000000.0,4113000000.0
2022,반기보고서,기타유동자산,,1121310000000.0,838586000000.0
2022,반기보고서,기타금융자산,,30000000.0,30000000.0
2022,반기보고서,비유동자산,,74428346000000.0,69516023000000.0
2022,반기보고서,관계기업 및 공동기업투자,,1616476000000.0,1410428000000.0
2022,반기보고서,장기투자자산,,6242326000000.0,6665513000000.0
2022,반기보고서,기타수취채권,,372098000000.0,339517000000.0
2022,반기보고서,기타금융자산,,207661000000.0,91139000000.0
2022,반기보고서,유형자산,,58113861000000.0,53034270000000.0
2022,반기보고서,사용권자산,,1747218000000.0,1597344000000.0
2022,반기보고서,무형자산,,5048484000000.0,5065132000000.0
2022,반기보고서,투자부동산,,1576000000.0,164197000000.0
2022,반기보고서,이연법인세자산,,664229000000.0,590244000000.0
2022,반기보고서,종업원급여자산,,273193000000.0,428962000000.0
2022,반기보고서,기타비유동자산,,141224000000.0,129277000000.0
2022,반기보고서,자산총계,,104147622000000.0,96386474000000.0
2022,반기보고서,유동부채,,16869305000000.0,14769356000000.0
2022,반기보고서,매입채무,,2926222000000.0,1359247000000.0
2022,반기보고서,미지급금,,4825476000000.0,4640677000000.0
2022,반기보고서,기타지급채무,,2149150000000.0,2278316000000.0
2022,반기보고서,차입금,,4017441000000.0,2880763000000.0
2022,반기보고서,충당부채,,417546000000.0,10167000000.0
2022,반기보고서,당기법인세부채,,1938007000000.0,3002734000000.0
2022,반기보고서,리스부채,,333993000000.0,302059000000.0
2022,반기보고서,기타유동부채,,260839000000.0,294780000000.0
2022,반기보고서,기타금융부채,,631000000.0,613000000.0
2022,반기보고서,비유동부채,,20518157000000.0,19426060000000.0
2022,반기보고서,장기미지급금,,2948843000000.0,2699071000000.0
2022,반기보고서,기타지급채무,,54727000000.0,32433000000.0
2022,반기보고서,차입금,,15364660000000.0,14743046000000.0
2022,반기보고서,충당부채,,955000000.0,
2022,반기보고서,확정급여부채,,5300000000.0,1200000000.0
2022,반기보고서,이연법인세부채,,600440000000.0,627995000000.0
2022,반기보고서,리스부채,,1443321000000.0,1223703000000.0
2022,반기보고서,기타비유동부채,,95494000000.0,94006000000.0
2022,반기보고서,기타금융부채,,4417000000.0,4606000000.0
2022,반기보고서,부채총계,,37387462000000.0,34195416000000.0
2022,반기보고서,지배기업의 소유지분,,66715518000000.0,62157072000000.0
2022,반기보고서,자본금,,3657652000000.0,3657652000000.0
2022,반기보고서,자본잉여금,,4336170000000.0,4334643000000.0
2022,반기보고서,기타자본,,-2317827000000.0,-2294562000000.0
2022,반기보고서,기타포괄손익누계액,,1692580000000.0,675271000000.0
2022,반기보고서,이익잉여금,,59346943000000.0,55784068000000.0
2022,반기보고서,비지배지분,,44642000000.0,33986000000.0
2022,반기보고서,자본총계,,66760160000000.0,62191058000000.0
2022,반기보고서,부채및자본총계,,104147622000000.0,96386474000000.0
2022,반기보고서,매출액,,13811001000000.0,
2022,반기보고서,매출원가,,7466622000000.0,
2022,반기보고서,매출총이익,,6344379000000.0,
2022,반기보고서,판매비와관리비,,2151762000000.0,
2022,반기보고서,영업이익,,4192617000000.0,
2022,반기보고서,금융수익,,1425304000000.0,
2022,반기보고서,금융비용,,1814401000000.0,
2022,반기보고서,지분법투자 관련 손익,,60752000000.0,
2022,반기보고서,기타영업외수익,,158041000000.0,
2022,반기보고서,기타영업외비용,,55586000000.0,
2022,반기보고서,법인세비용차감전순이익,,3966727000000.0,
2022,반기보고서,법인세비용,,1089906000000.0,
2022,반기보고서,반기순이익,,2876821000000.0,
2022,반기보고서,법인세차감후 기타포괄손익,,691073000000.0,
2022,반기보고서,확정급여제도의 재측정요소,,-11000000000.0,
2022,반기보고서,해외사업장환산외환차이,,642602000000.0,
2022,반기보고서,파생상품평가손익,,8339000000.0,
2022,반기보고서,관계기업의 기타포괄손익에 대한 지분,,51132000000.0,
2022,반기보고서,반기총포괄이익,,3567894000000.0,
2022,반기보고서,지배기업의 소유주지분,,2871539000000.0,
2022,반기보고서,비지배지분,,5282000000.0,
2022,반기보고서,지배기업의 소유주지분,,3559344000000.0,
2022,반기보고서,비지배지분,,8550000000.0,
2022,반기보고서,기본주당반기순이익,,4176.0,
2022,반기보고서,희석주당반기순이익,,4175.0,
2022,반기보고서,영업활동 현금흐름,,9714893000000.0,
2022,반기보고서,영업으로부터 창출된 현금흐름,,12267474000000.0,
2022,반기보고서,이자의 수취,,12458000000.0,
2022,반기보고서,이자의 지급,,182167000000.0,
2022,반기보고서,배당금의 수취,,19542000000.0,
2022,반기보고서,법인세의 납부,,2402414000000.0,
2022,반기보고서,투자활동 현금흐름,,-9928894000000.0,
2022,반기보고서,단기금융상품의 감소,,843067000000.0,
2022,반기보고서,단기금융상품의 증가,,788543000000.0,
2022,반기보고서,단기투자자산의 순증감,,642878000000.0,
2022,반기보고서,기타수취채권의 감소,,19484000000.0,
2022,반기보고서,기타수취채권의 증가,,75566000000.0,
2022,반기보고서,기타금융자산의 감소,,557000000.0,
2022,반기보고서,기타금융자산의 증가,,,
2022,반기보고서,관계기업투자의 취득,,27902000000.0,
2022,반기보고서,관계기업투자의 처분,,180000000.0,
2022,반기보고서,장기투자자산의 처분,,2853000000.0,
2022,반기보고서,장기투자자산의 취득,,86607000000.0,
2022,반기보고서,유형자산의 처분,,292926000000.0,
2022,반기보고서,유형자산의 취득,,10069382000000.0,
2022,반기보고서,무형자산의 처분,,1016000000.0,
2022,반기보고서,무형자산의 취득,,344591000000.0,
2022,반기보고서,투자부동산의 처분,,263211000000.0,
2022,반기보고서,사업결합으로 인한 순현금유출,,602475000000.0,
2022,반기보고서,정부보조금의 수령,,,
2022,반기보고서,재무활동현금흐름,,-743924000000.0,
2022,반기보고서,차입금의 차입,,3828515000000.0,
2022,반기보고서,차입금의 상환,,3170775000000.0,
2022,반기보고서,배당금의 지급,,1268314000000.0,
2022,반기보고서,주식선택권의 행사,,3000000.0,
2022,반기보고서,리스부채의 상환,,139869000000.0,
2022,반기보고서,자기주식의 처분,,6516000000.0,
2022,반기보고서,현금및현금성자산의 환율변동효과,,446255000000.0,
2022,반기보고서,현금및현금성자산의 감소,,-511670000000.0,
2022,반기보고서,기초현금및현금성자산,,5057982000000.0,
2022,반기보고서,반기말현금및현금성자산,,4546312000000.0,
2022,반기보고서,기초자본,,33986000000.0,
2022,반기보고서,기초자본,,62157072000000.0,
2022,반기보고서,기초자본,,-2294562000000.0,
2022,반기보고서,기초자본,,62191058000000.0,
2022,반기보고서,기초자본,,55784068000000.0,
2022,반기보고서,기초자본,,675271000000.0,
2022,반기보고서,기초자본,,4334643000000.0,
2022,반기보고서,기초자본,,3657652000000.0,
2022,반기보고서,반기순이익,,4850383000000.0,
2022,반기보고서,반기순이익,,4850383000000.0,
2022,반기보고서,반기순이익,,9366000000.0,
2022,반기보고서,반기순이익,,2876821000000.0,
2022,반기보고서,확정급여제도의 재측정요소,,-22278000000.0,
2022,반기보고서,확정급여제도의 재측정요소,,-22278000000.0,
2022,반기보고서,확정급여제도의 재측정요소,,-22278000000.0,
2022,반기보고서,관계기업의 기타포괄손익에 대한 지분,,104043000000.0,
2022,반기보고서,관계기업의 기타포괄손익에 대한 지분,,104043000000.0,
2022,반기보고서,관계기업의 기타포괄손익에 대한 지분,,104043000000.0,
2022,반기보고서,파생금융상품평가손익,,10676000000.0,
2022,반기보고서,파생금융상품평가손익,,10676000000.0,
2022,반기보고서,파생금융상품평가손익,,10676000000.0,
2022,반기보고서,해외사업장환산외환차이,,902590000000.0,
2022,반기보고서,해외사업장환산외환차이,,4374000000.0,
2022,반기보고서,해외사업장환산외환차이,,906964000000.0,
2022,반기보고서,해외사업장환산외환차이,,902590000000.0,
2022,반기보고서,배당금의 지급,,1265230000000.0,
2022,반기보고서,배당금의 지급,,1265230000000.0,
2022,반기보고서,배당금의 지급,,3084000000.0,
2022,반기보고서,배당금의 지급,,1268314000000.0,
2022,반기보고서,주식선택권 부여/행사,,1931000000.0,
2022,반기보고서,주식선택권 부여/행사,,1931000000.0,
2022,반기보고서,주식선택권 부여/행사,,,
2022,반기보고서,주식선택권 부여/행사,,1931000000.0,
2022,반기보고서,주식선택권 조건변경,,-26927000000.0,
2022,반기보고서,주식선택권 조건변경,,-26927000000.0,
2022,반기보고서,주식선택권 조건변경,,-26927000000.0,
2022,반기보고서,자기주식처분,,3258000000.0,
2022,반기보고서,자기주식처분,,3258000000.0,
2022,반기보고서,자기주식처분,,1731000000.0,
2022,반기보고서,자기주식처분,,1527000000.0,
2022,반기보고서,기말자본,,1692580000000.0,
2022,반기보고서,기말자본,,59346943000000.0,
2022,반기보고서,기말자본,,3657652000000.0,
2022,반기보고서,기말자본,,4336170000000.0,
2022,반기보고서,기말자본,,-2317827000000.0,
2022,반기보고서,기말자본,,66715518000000.0,
2022,반기보고서,기말자본,,44642000000.0,
2022,반기보고서,기말자본,,66760160000000.0,
2023,사업보고서,자산총계,,100330165000000.0,103871512000000.0
2023,사업보고서,유동자산,,30468100000000.0,28733332000000.0
2023,사업보고서,매각예정자산,,29441000000.0,
2023,사업보고서,현금및현금성자산,,7587329000000.0,4977007000000.0
2023,사업보고서,단기투자자산,,860972000000.0,1016360000000.0
2023,사업보고서,당기법인세자산,,69916000000.0,14523000000.0
2023,사업보고서,매출채권,,6600273000000.0,5186054000000.0
2023,사업보고서,재고자산,,13480659000000.0,15664707000000.0
2023,사업보고서,기타유동자산,,925502000000.0,1186544000000.0
2023,사업보고서,기타금융자산,,83750000000.0,
2023,사업보고서,기타수취채권,,357641000000.0,272512000000.0
2023,사업보고서,단기금융상품,,472617000000.0,415625000000.0
2023,사업보고서,비유동자산,,69862065000000.0,75138180000000.0
2023,사업보고서,이연법인세자산,,2989472000000.0,657115000000.0
2023,사업보고서,무형자산,,3834567000000.0,3512107000000.0
2023,사업보고서,관계기업 및 공동기업투자,,1367348000000.0,1352845000000.0
2023,사업보고서,투자부동산,,211000000.0,223000000.0
2023,사업보고서,장기투자자산,,4105704000000.0,5733544000000.0
2023,사업보고서,종업원급여자산,,1404014000000.0,1332253000000.0
2023,사업보고서,기타비유동자산,,217822000000.0,71701000000.0
2023,사업보고서,기타금융자산,,68217000000.0,115712000000.0
2023,사업보고서,기타수취채권,,475013000000.0,354167000000.0
2023,사업보고서,유형자산,,52704853000000.0,60228528000000.0
2023,사업보고서,사용권자산,,2694844000000.0,1779985000000.0
2023,사업보고서,자본총계,,53503752000000.0,63290542000000.0
2023,사업보고서,지배기업의 소유주에게 귀속되는 자본,,53504285000000.0,63266355000000.0
2023,사업보고서,자본잉여금,,4372559000000.0,4336170000000.0
2023,사업보고서,기타자본,,-2269294000000.0,-2311409000000.0
2023,사업보고서,기타포괄손익누계액,,1014055000000.0,898682000000.0
2023,사업보고서,자본금,,3657652000000.0,3657652000000.0
2023,사업보고서,이익잉여금,,46729313000000.0,56685260000000.0
2023,사업보고서,비지배지분,,-533000000.0,24187000000.0
2023,사업보고서,부채및자본총계,,100330165000000.0,103871512000000.0
2023,사업보고서,유동부채,,21007810000000.0,19843696000000.0
2023,사업보고서,기타지급채무,,1688631000000.0,3024648000000.0
2023,사업보고서,미지급금,,3293308000000.0,5445335000000.0
2023,사업보고서,차입금,,9857189000000.0,7423247000000.0
2023,사업보고서,리스부채,,631497000000.0,280873000000.0
2023,사업보고서,충당부채,,286517000000.0,251889000000.0
2023,사업보고서,당기법인세부채,,43890000000.0,696553000000.0
2023,사업보고서,기타금융부채,,1478980000000.0,586000000.0
2023,사업보고서,기타 유동부채,,1882261000000.0,534335000000.0
2023,사업보고서,매입채무,,1845537000000.0,2186230000000.0
2023,사업보고서,부채총계,,46826413000000.0,40580970000000.0
2023,사업보고서,비유동부채,,25818603000000.0,20737274000000.0
2023,사업보고서,기타지급채무,,96567000000.0,28083000000.0
2023,사업보고서,이연법인세부채,,114396000000.0,382477000000.0
2023,사업보고서,차입금,,19611443000000.0,15571357000000.0
2023,사업보고서,리스부채,,2398377000000.0,1516208000000.0
2023,사업보고서,충당부채,,1603000000.0,1404000000.0
2023,사업보고서,확정급여부채,,63932000000.0,69952000000.0
2023,사업보고서,기타금융부채,,3247000000.0,4290000000.0
2023,사업보고서,기타 비유동 부채,,385402000000.0,204844000000.0
2023,사업보고서,장기미지급금,,3143636000000.0,2958659000000.0
2023,사업보고서,영업이익(손실),,-7730313000000.0,6809417000000.0
2023,사업보고서,기타영업외수익,,623867000000.0,241371000000.0
2023,사업보고서,기타영업외비용,,735065000000.0,1801919000000.0
2023,사업보고서,판매비와관리비,,7196865000000.0,8818438000000.0
2023,사업보고서,총포괄손익,,-9037496000000.0,2822168000000.0
2023,사업보고서,비지배지분,,-22497000000.0,19744000000.0
2023,사업보고서,지배기업의 소유주지분,,-9014999000000.0,2802424000000.0
2023,사업보고서,매출원가,,33299167000000.0,28993713000000.0
2023,사업보고서,기본주당이익(손실),,-13244.0,3242.0
2023,사업보고서,희석주당이익(손실),,-13244.0,3242.0
2023,사업보고서,금융비용,,6093167000000.0,5091553000000.0
2023,사업보고서,금융수익,,2261801000000.0,3714278000000.0
2023,사업보고서,매출총이익,,-533448000000.0,15627855000000.0
2023,사업보고서,법인세비용(수익),,-2520269000000.0,1761111000000.0
2023,사업보고서,법인세차감후 기타포괄손익,,100051000000.0,580499000000.0
2023,사업보고서,파생상품평가이익,,-22414000000.0,5725000000.0
2023,사업보고서,해외사업장환산외환차이,,132561000000.0,154321000000.0
2023,사업보고서,관계기업의 기타포괄손익에 대한 지분,,7848000000.0,71000000000.0
2023,사업보고서,확정급여부채의 재측정요소,,-17944000000.0,349453000000.0
2023,사업보고서,당기순이익(손실),,-9137547000000.0,2241669000000.0
2023,사업보고서,비지배지분,,-25119000000.0,12109000000.0
2023,사업보고서,지배기업의 소유주지분,,-9112428000000.0,2229560000000.0
2023,사업보고서,법인세비용차감전순이익(손실),,-11657816000000.0,4002780000000.0
2023,사업보고서,매출액,,32765719000000.0,44621568000000.0
2023,사업보고서,지분법투자 관련 손익,,15061000000.0,131186000000.0
2023,사업보고서,기초현금및현금성자산,,4977007000000.0,5057982000000.0
2023,사업보고서,기말현금및현금성자산,,7587329000000.0,4977007000000.0
2023,사업보고서,재무활동현금흐름,,5696845000000.0,2821796000000.0
2023,사업보고서,자기주식의 처분,,24519000000.0,11653000000.0
2023,사업보고서,리스부채의 상환,,461466000000.0,301858000000.0
2023,사업보고서,주식선택권의 행사,,53000000.0,17000000.0
2023,사업보고서,종속기업 유상증자 및 소유지분변동,,-9220000000.0,
2023,사업보고서,배당금의 지급,,825575000000.0,1680905000000.0
2023,사업보고서,차입금의 차입,,20657967000000.0,11917454000000.0
2023,사업보고서,차입금의 상환,,13689433000000.0,7124565000000.0
2023,사업보고서,투자활동현금흐름,,-7334727000000.0,-17883746000000.0
2023,사업보고서,기타수취채권의 감소,,47564000000.0,39051000000.0
2023,사업보고서,기타금융자산의 감소,,577000000.0,29950000000.0
2023,사업보고서,단기금융상품의 감소,,1409187000000.0,2022053000000.0
2023,사업보고서,기타수취채권의 증가,,251498000000.0,72248000000.0
2023,사업보고서,기타금융자산의 처분(취득),,5358000000.0,600000000.0
2023,사업보고서,단기금융상품의 증가,,1469396000000.0,1966360000000.0
2023,사업보고서,사업결합으로 인한 순현금유출,,,1027663000000.0
2023,사업보고서,장기투자자산의 처분,,18279000000.0,4306000000.0
2023,사업보고서,장기투자자산의 취득,,30537000000.0,115537000000.0
2023,사업보고서,단기투자자산의 순증감,,199912000000.0,2195111000000.0
2023,사업보고서,기타,,,
2023,사업보고서,무형자산의 처분,,484000000.0,1018000000.0
2023,사업보고서,투자부동산의 처분,,,263211000000.0
2023,사업보고서,관계기업투자의 처분,,8847000000.0,209843000000.0
2023,사업보고서,유형자산의 처분,,1539825000000.0,323718000000.0
2023,사업보고서,무형자산의 취득,,454710000000.0,738621000000.0
2023,사업보고서,관계기업투자의 취득,,22765000000.0,40717000000.0
2023,사업보고서,유형자산의 취득,,8325138000000.0,19010261000000.0
2023,사업보고서,영업활동현금흐름,,4278191000000.0,14780517000000.0
2023,사업보고서,영업에서 창출된 현금흐름,,6688866000000.0,19083888000000.0
2023,사업보고서,배당금수취,,35935000000.0,93067000000.0
2023,사업보고서,법인세의 납부,,1383942000000.0,3979355000000.0
2023,사업보고서,이자의 지급,,1261540000000.0,494513000000.0
2023,사업보고서,이자수취,,198872000000.0,77430000000.0
2023,사업보고서,현금및현금성자산에 대한 환율변동효과,,-29987000000.0,200458000000.0
2023,사업보고서,현금및현금성자산의순증가(감소),,2610322000000.0,-80975000000.0
2023,사업보고서,비지배지분의 감소,,,-26459000000.0
2023,사업보고서,비지배지분의 감소,,,-26459000000.0
2023,사업보고서,기초자본,,4336170000000.0,4334643000000.0
2023,사업보고서,기초자본,,-2311409000000.0,-2294562000000.0
2023,사업보고서,기초자본,,898682000000.0,675271000000.0
2023,사업보고서,기초자본,,56685260000000.0,55784068000000.0
2023,사업보고서,기초자본,,3657652000000.0,3657652000000.0
2023,사업보고서,기초자본,,24187000000.0,33986000000.0
2023,사업보고서,기초자본,,63290542000000.0,62191058000000.0
2023,사업보고서,기초자본,,63266355000000.0,62157072000000.0
2023,사업보고서,주식선택권 조건변경,,,-25819000000.0
2023,사업보고서,주식선택권 조건변경,,,-25819000000.0
2023,사업보고서,주식선택권 조건변경,,,-25819000000.0
2023,사업보고서,자기주식의 처분,,41364000000.0,3258000000.0
2023,사업보고서,자기주식의 처분,,41364000000.0,3258000000.0
2023,사업보고서,자기주식의 처분,,27798000000.0,1731000000.0
2023,사업보고서,자기주식의 처분,,13566000000.0,1527000000.0
2023,사업보고서,주식선택권의 부여/행사,,4530000000.0,
2023,사업보고서,주식선택권의 부여/행사,,44138000000.0,7241000000.0
2023,사업보고서,주식선택권의 부여/행사,,39608000000.0,7241000000.0
2023,사업보고서,주식선택권의 부여/행사,,25291000000.0,
2023,사업보고서,주식선택권의 부여/행사,,14317000000.0,7241000000.0
2023,사업보고서,배당금의 지급,,825575000000.0,1680905000000.0
2023,사업보고서,배당금의 지급,,825575000000.0,1677821000000.0
2023,사업보고서,배당금의 지급,,,3084000000.0
2023,사업보고서,배당금의 지급,,825575000000.0,1677821000000.0
2023,사업보고서,자본총계,,53503752000000.0,63290542000000.0
2023,사업보고서,자본총계,,-533000000.0,24187000000.0
2023,사업보고서,자본총계,,4372559000000.0,4336170000000.0
2023,사업보고서,자본총계,,3657652000000.0,3657652000000.0
2023,사업보고서,자본총계,,46729313000000.0,56685260000000.0
2023,사업보고서,자본총계,,1014055000000.0,898682000000.0
2023,사업보고서,자본총계,,-2269294000000.0,-2311409000000.0
2023,사업보고서,자본총계,,53504285000000.0,63266355000000.0
2023,사업보고서,지배력을 상실하지 않는 종속기업에 대한 소유지분의 변동에 따른 증가(감소),,-2468000000.0,
2023,사업보고서,지배력을 상실하지 않는 종속기업에 대한 소유지분의 변동에 따른 증가(감소),,-6753000000.0,
2023,사업보고서,지배력을 상실하지 않는 종속기업에 대한 소유지분의 변동에 따른 증가(감소),,-9221000000.0,
2023,사업보고서,지배력을 상실하지 않는 종속기업에 대한 소유지분의 변동에 따른 증가(감소),,-2468000000.0,
2023,사업보고서,파생금융상품평가이익,,-22414000000.0,5725000000.0
2023,사업보고서,파생금융상품평가이익,,-22414000000.0,5725000000.0
2023,사업보고서,파생금융상품평가이익,,-22414000000.0,5725000000.0
2023,사업보고서,해외사업장환산외환차이,,129939000000.0,146686000000.0
2023,사업보고서,해외사업장환산외환차이,,2622000000.0,7635000000.0
2023,사업보고서,해외사업장환산외환차이,,132561000000.0,154321000000.0
2023,사업보고서,해외사업장환산외환차이,,129939000000.0,146686000000.0
2023,사업보고서,확정급여부채의 재측정요소,,-17944000000.0,349453000000.0
2023,사업보고서,확정급여부채의 재측정요소,,-17944000000.0,349453000000.0
2023,사업보고서,확정급여부채의 재측정요소,,-17944000000.0,349453000000.0
2023,사업보고서,당기순이익(손실),,-9137547000000.0,2241669000000.0
2023,사업보고서,당기순이익(손실),,-25119000000.0,12109000000.0
2023,사업보고서,당기순이익(손실),,-9112428000000.0,2229560000000.0
2023,사업보고서,당기순이익(손실),,-9112428000000.0,2229560000000.0
2023,사업보고서,관계기업의 기타포괄손익에 대한 지분,,7848000000.0,71000000000.0
2023,사업보고서,관계기업의 기타포괄손익에 대한 지분,,7848000000.0,71000000000.0
2023,사업보고서,관계기업의 기타포괄손익에 대한 지분,,7848000000.0,71000000000.0
2023,반기보고서,유동자산,,29661132000000.0,28733332000000.0
2023,반기보고서,현금및현금성자산,,6040810000000.0,4977007000000.0
2023,반기보고서,단기금융상품,,441755000000.0,415625000000.0
2023,반기보고서,단기투자자산,,1008302000000.0,1016360000000.0
2023,반기보고서,매출채권,,4487069000000.0,5186054000000.0
2023,반기보고서,기타수취채권,,279963000000.0,272512000000.0
2023,반기보고서,재고자산,,16420200000000.0,15664707000000.0
2023,반기보고서,당기법인세자산,,49591000000.0,14523000000.0
2023,반기보고서,기타유동자산,,894558000000.0,1186544000000.0
2023,반기보고서,기타금융자산,,38884000000.0,
2023,반기보고서,비유동자산,,73157875000000.0,75138180000000.0
2023,반기보고서,관계기업 및 공동기업투자,,1400501000000.0,1352845000000.0
2023,반기보고서,장기투자자산,,5506298000000.0,5733544000000.0
2023,반기보고서,기타수취채권,,352605000000.0,354167000000.0
2023,반기보고서,기타금융자산,,154356000000.0,115712000000.0
2023,반기보고서,유형자산,,56597820000000.0,60228528000000.0
2023,반기보고서,사용권자산,,1946663000000.0,1779985000000.0
2023,반기보고서,무형자산,,3773021000000.0,3512107000000.0
2023,반기보고서,투자부동산,,217000000.0,223000000.0
2023,반기보고서,이연법인세자산,,1996948000000.0,657115000000.0
2023,반기보고서,종업원급여자산,,1361875000000.0,1332253000000.0
2023,반기보고서,기타비유동자산,,67571000000.0,71701000000.0
2023,반기보고서,자산총계,,102819007000000.0,103871512000000.0
2023,반기보고서,유동부채,,19776433000000.0,19843696000000.0
2023,반기보고서,매입채무,,1882106000000.0,2186230000000.0
2023,반기보고서,미지급금,,2881341000000.0,5445335000000.0
2023,반기보고서,기타지급채무,,2101544000000.0,3024648000000.0
2023,반기보고서,차입금,,10521348000000.0,7423247000000.0
2023,반기보고서,충당부채,,217065000000.0,251889000000.0
2023,반기보고서,당기법인세부채,,35190000000.0,696553000000.0
2023,반기보고서,리스부채,,339508000000.0,280873000000.0
2023,반기보고서,기타유동부채,,1164057000000.0,534335000000.0
2023,반기보고서,기타금융부채,,634274000000.0,586000000.0
2023,반기보고서,비유동부채,,25583524000000.0,20737274000000.0
2023,반기보고서,장기미지급금,,3198841000000.0,2958659000000.0
2023,반기보고서,기타지급채무,,28224000000.0,28083000000.0
2023,반기보고서,차입금,,20285163000000.0,15571357000000.0
2023,반기보고서,충당부채,,2324000000.0,1404000000.0
2023,반기보고서,확정급여부채,,74608000000.0,69952000000.0
2023,반기보고서,이연법인세부채,,131114000000.0,382477000000.0
2023,반기보고서,리스부채,,1640479000000.0,1516208000000.0
2023,반기보고서,기타비유동부채,,218698000000.0,204844000000.0
2023,반기보고서,기타금융부채,,4073000000.0,4290000000.0
2023,반기보고서,부채총계,,45359957000000.0,40580970000000.0
2023,반기보고서,지배기업의 소유지분,,57434355000000.0,63266355000000.0
2023,반기보고서,자본금,,3657652000000.0,3657652000000.0
2023,반기보고서,자본잉여금,,4344917000000.0,4336170000000.0
2023,반기보고서,기타자본,,-2281141000000.0,-2311409000000.0
2023,반기보고서,기타포괄손익누계액,,1026867000000.0,898682000000.0
2023,반기보고서,이익잉여금,,50686060000000.0,56685260000000.0
2023,반기보고서,비지배지분,,24695000000.0,24187000000.0
2023,반기보고서,자본총계,,57459050000000.0,63290542000000.0
2023,반기보고서,부채및자본총계,,102819007000000.0,103871512000000.0
2023,반기보고서,매출액,,7305933000000.0,
2023,반기보고서,매출원가,,8483761000000.0,
2023,반기보고서,매출총이익(손실),,-1177828000000.0,
2023,반기보고서,판매비와관리비,,1704256000000.0,
2023,반기보고서,영업이익(손실),,-2882084000000.0,
2023,반기보고서,금융수익,,447027000000.0,
2023,반기보고서,금융비용,,1312018000000.0,
2023,반기보고서,지분법투자 관련 손익,,10102000000.0,
2023,반기보고서,기타영업외수익,,7210000000.0,
2023,반기보고서,기타영업외비용,,58444000000.0,
2023,반기보고서,법인세비용차감전순이익(손실),,-3788207000000.0,
2023,반기보고서,법인세비용(수익),,-800300000000.0,
2023,반기보고서,반기순이익(손실),,-2987907000000.0,
2023,반기보고서,법인세차감후 기타포괄손익,,-357385000000.0,
2023,반기보고서,확정급여제도의 재측정요소,,-10151000000.0,
2023,반기보고서,해외사업장환산외환차이,,-319634000000.0,
2023,반기보고서,파생상품평가손익,,-15638000000.0,
2023,반기보고서,관계기업의 기타포괄손익에 대한 지분,,-11962000000.0,
2023,반기보고서,반기총포괄이익(손실),,-3345292000000.0,
2023,반기보고서,지배기업의 소유주지분,,-2991181000000.0,
2023,반기보고서,비지배지분,,3274000000.0,
2023,반기보고서,지배기업의 소유주지분,,-3347126000000.0,
2023,반기보고서,비지배지분,,1834000000.0,
2023,반기보고서,기본주당반기순이익(손실),,-4347.0,
2023,반기보고서,희석주당반기순이익(손실),,-4347.0,
2023,반기보고서,영업활동 현금흐름,,-694049000000.0,
2023,반기보고서,영업으로부터 창출된 현금흐름,,803722000000.0,
2023,반기보고서,이자의 수취,,86865000000.0,
2023,반기보고서,이자의 지급,,512759000000.0,
2023,반기보고서,배당금의 수취,,23268000000.0,
2023,반기보고서,법인세의 납부,,1095145000000.0,
2023,반기보고서,투자활동 현금흐름,,-5350919000000.0,
2023,반기보고서,단기금융상품의 감소,,632947000000.0,
2023,반기보고서,단기금융상품의 증가,,659733000000.0,
2023,반기보고서,단기투자자산의 순증감,,60393000000.0,
2023,반기보고서,기타수취채권의 감소,,34537000000.0,
2023,반기보고서,기타수취채권의 증가,,34991000000.0,
2023,반기보고서,기타금융자산의 감소,,,
2023,반기보고서,관계기업투자의 취득,,-19540000000.0,
2023,반기보고서,관계기업투자의 처분,,116000000.0,
2023,반기보고서,장기투자자산의 처분,,497000000.0,
2023,반기보고서,장기투자자산의 취득,,27265000000.0,
2023,반기보고서,유형자산의 처분,,9583000000.0,
2023,반기보고서,유형자산의 취득,,5085936000000.0,
2023,반기보고서,무형자산의 처분,,286000000.0,
2023,반기보고서,무형자산의 취득,,261813000000.0,
2023,반기보고서,투자부동산의 처분,,,
2023,반기보고서,사업결합으로 인한 현금유출,,,
2023,반기보고서,재무활동 현금흐름,,7057946000000.0,
2023,반기보고서,차입금의 차입,,13677699000000.0,
2023,반기보고서,차입금의 상환,,6035603000000.0,
2023,반기보고서,배당금의 지급,,412712000000.0,
2023,반기보고서,주식선택권의 행사,,,
2023,반기보고서,리스부채의 상환,,164903000000.0,
2023,반기보고서,자기주식의 처분,,7040000000.0,
2023,반기보고서,종속회사 지분 추가취득,,13575000000.0,
2023,반기보고서,현금및현금성자산의 환율변동효과,,50825000000.0,
2023,반기보고서,현금및현금성자산의 순증감,,1063803000000.0,
2023,반기보고서,기초 현금및현금성자산,,4977007000000.0,
2023,반기보고서,반기말 현금및현금성자산,,6040810000000.0,
2023,반기보고서,기초자본,,63266355000000.0,
2023,반기보고서,기초자본,,4336170000000.0,
2023,반기보고서,기초자본,,3657652000000.0,
2023,반기보고서,기초자본,,56685260000000.0,
2023,반기보고서,기초자본,,63290542000000.0,
2023,반기보고서,기초자본,,24187000000.0,
2023,반기보고서,기초자본,,-2311409000000.0,
2023,반기보고서,기초자본,,898682000000.0,
2023,반기보고서,반기순이익(손실),,-5571590000000.0,
2023,반기보고서,반기순이익(손실),,-5571590000000.0,
2023,반기보고서,반기순이익(손실),,-1808000000.0,
2023,반기보고서,반기순이익(손실),,-2987907000000.0,
2023,반기보고서,확정급여제도의 재측정요소,,-14898000000.0,
2023,반기보고서,확정급여제도의 재측정요소,,-14898000000.0,
2023,반기보고서,확정급여제도의 재측정요소,,-14898000000.0,
2023,반기보고서,관계기업의 기타포괄손익에 대한 지분,,32759000000.0,
2023,반기보고서,관계기업의 기타포괄손익에 대한 지분,,32759000000.0,
2023,반기보고서,관계기업의 기타포괄손익에 대한 지분,,32759000000.0,
2023,반기보고서,파생상품평가손익,,-23378000000.0,
2023,반기보고서,파생상품평가손익,,-23378000000.0,
2023,반기보고서,파생상품평가손익,,-23378000000.0,
2023,반기보고서,해외사업장환산외환차이,,118804000000.0,
2023,반기보고서,해외사업장환산외환차이,,-1163000000.0,
2023,반기보고서,해외사업장환산외환차이,,117641000000.0,
2023,반기보고서,해외사업장환산외환차이,,118804000000.0,
2023,반기보고서,배당금의 지급,,412712000000.0,
2023,반기보고서,배당금의 지급,,412712000000.0,
2023,반기보고서,배당금의 지급,,,
2023,반기보고서,배당금의 지급,,412712000000.0,
2023,반기보고서,주식선택권의 부여/행사,,5225000000.0,
2023,반기보고서,주식선택권의 부여/행사,,5225000000.0,
2023,반기보고서,주식선택권의 부여/행사,,14587000000.0,
2023,반기보고서,주식선택권의 부여/행사,,19812000000.0,
2023,반기보고서,주식선택권 조건변경,,,
2023,반기보고서,주식선택권 조건변경,,,
2023,반기보고서,주식선택권 조건변경,,,
2023,반기보고서,자기주식처분,,11214000000.0,
2023,반기보고서,자기주식처분,,36257000000.0,
2023,반기보고서,자기주식처분,,36257000000.0,
2023,반기보고서,자기주식처분,,25043000000.0,
2023,반기보고서,종속회사 지분 추가 취득,,-11108000000.0,
2023,반기보고서,종속회사 지분 추가 취득,,-2467000000.0,
2023,반기보고서,종속회사 지분 추가 취득,,-2467000000.0,
2023,반기보고서,종속회사 지분 추가 취득,,-13575000000.0,
2023,반기보고서,기말자본,,57459050000000.0,
2023,반기보고서,기말자본,,24695000000.0,
2023,반기보고서,기말자본,,-2281141000000.0,
2023,반기보고서,기말자본,,57434355000000.0,
2023,반기보고서,기말자본,,4344917000000.0,
2023,반기보고서,기말자본,,3657652000000.0,
2023,반기보고서,기말자본,,50686060000000.0,
2023,반기보고서,기말자본,,1026867000000.0,
2024,사업보고서,자산총계,,119855209000000.0,100330165000000.0
2024,사업보고서,유동자산,,42278887000000.0,30468100000000.0
2024,사업보고서,현금및현금성자산,,11205117000000.0,7587329000000.0
2024,사업보고서,단기투자자산,,569236000000.0,860972000000.0
2024,사업보고서,당기법인세자산,,57467000000.0,69916000000.0
2024,사업보고서,매출채권,,13019006000000.0,6600273000000.0
2024,사업보고서,재고자산,,13313937000000.0,13480659000000.0
2024,사업보고서,매각예정자산,,0.0,29441000000.0
2024,사업보고서,기타유동자산,,1393744000000.0,925502000000.0
2024,사업보고서,기타금융자산,,45309000000.0,83750000000.0
2024,사업보고서,기타수취채권,,293061000000.0,357641000000.0
2024,사업보고서,단기금융상품,,2382010000000.0,472617000000.0
2024,사업보고서,비유동자산,,77576322000000.0,69862065000000.0
2024,사업보고서,이연법인세자산,,2811559000000.0,2989472000000.0
2024,사업보고서,무형자산,,4018847000000.0,3834567000000.0
2024,사업보고서,관계기업 및 공동기업투자,,1940663000000.0,1367348000000.0
2024,사업보고서,투자부동산,,200000000.0,211000000.0
2024,사업보고서,장기투자자산,,4041276000000.0,4105704000000.0
2024,사업보고서,종업원급여자산,,1154255000000.0,1404014000000.0
2024,사업보고서,기타비유동자산,,174142000000.0,217822000000.0
2024,사업보고서,기타금융자산,,346749000000.0,68217000000.0
2024,사업보고서,기타수취채권,,444286000000.0,475013000000.0
2024,사업보고서,유형자산,,60157474000000.0,52704853000000.0
2024,사업보고서,사용권자산,,2486871000000.0,2694844000000.0
2024,사업보고서,자본총계,,73915704000000.0,53503752000000.0
2024,사업보고서,지배기업의 소유지분,,73903394000000.0,53504285000000.0
2024,사업보고서,자본잉여금,,4487123000000.0,4372559000000.0
2024,사업보고서,기타자본,,-2191549000000.0,-2269294000000.0
2024,사업보고서,기타포괄손익누계액,,2532107000000.0,1014055000000.0
2024,사업보고서,자본금,,3657652000000.0,3657652000000.0
2024,사업보고서,이익잉여금,,65418061000000.0,46729313000000.0
2024,사업보고서,비지배지분,,12310000000.0,-533000000.0
2024,사업보고서,부채및자본총계,,119855209000000.0,100330165000000.0
2024,사업보고서,유동부채,,24965444000000.0,21007810000000.0
2024,사업보고서,기타지급채무,,3983543000000.0,1688631000000.0
2024,사업보고서,미지급금,,6967013000000.0,3293308000000.0
2024,사업보고서,차입금,,5252238000000.0,9857189000000.0
2024,사업보고서,리스부채,,588355000000.0,631497000000.0
2024,사업보고서,충당부채,,270235000000.0,286517000000.0
2024,사업보고서,당기법인세부채,,3083950000000.0,43890000000.0
2024,사업보고서,기타금융부채,,1741587000000.0,1478980000000.0
2024,사업보고서,기타 유동부채,,801176000000.0,1882261000000.0
2024,사업보고서,매입채무,,2277347000000.0,1845537000000.0
2024,사업보고서,부채총계,,45939505000000.0,46826413000000.0
2024,사업보고서,비유동부채,,20974061000000.0,25818603000000.0
2024,사업보고서,기타지급채무,,51897000000.0,96567000000.0
2024,사업보고서,이연법인세부채,,217852000000.0,114396000000.0
2024,사업보고서,차입금,,17431495000000.0,19611443000000.0
2024,사업보고서,리스부채,,2180021000000.0,2398377000000.0
2024,사업보고서,충당부채,,0.0,1603000000.0
2024,사업보고서,확정급여부채,,68090000000.0,63932000000.0
2024,사업보고서,기타금융부채,,5909000000.0,3247000000.0
2024,사업보고서,기타비유동부채,,541770000000.0,385402000000.0
2024,사업보고서,장기미지급금,,477027000000.0,3143636000000.0
2024,사업보고서,영업이익(손실),,23467319000000.0,-7730313000000.0
2024,사업보고서,기타영업외수익,,1476579000000.0,623867000000.0
2024,사업보고서,기타영업외비용,,167388000000.0,735065000000.0
2024,사업보고서,판매비와관리비,,8360827000000.0,7196865000000.0
2024,사업보고서,총포괄이익(손실),,21044422000000.0,-9037496000000.0
2024,사업보고서,비지배지분,,11299000000.0,-22497000000.0
2024,사업보고서,지배기업의 소유주지분,,21033123000000.0,-9014999000000.0
2024,사업보고서,매출원가,,34364814000000.0,33299167000000.0
2024,사업보고서,기본주당이익(손실),,28732.0,-13244.0
2024,사업보고서,희석주당이익(손실),,28419.0,-13244.0
2024,사업보고서,금융비용,,5707997000000.0,6093167000000.0
2024,사업보고서,금융수익,,4855082000000.0,2261801000000.0
2024,사업보고서,매출총이익(손실),,31828146000000.0,-533448000000.0
2024,사업보고서,법인세비용(수익),,4088448000000.0,-2520269000000.0
2024,사업보고서,법인세차감후 기타포괄손익,,1247520000000.0,100051000000.0
2024,사업보고서,파생상품평가이익(손실),,637000000.0,-22414000000.0
2024,사업보고서,해외사업장환산외환차이,,1374587000000.0,132561000000.0
2024,사업보고서,관계기업의 기타포괄손익에 대한 지분,,145906000000.0,7848000000.0
2024,사업보고서,확정급여제도의 재측정요소,,-273610000000.0,-17944000000.0
2024,사업보고서,당기순이익(손실),,19796902000000.0,-9137547000000.0
2024,사업보고서,비지배지분,,8221000000.0,-25119000000.0
2024,사업보고서,지배기업의 소유주지분,,19788681000000.0,-9112428000000.0
2024,사업보고서,법인세비용차감전순이익(손실),,23885350000000.0,-11657816000000.0
2024,사업보고서,매출액,,66192960000000.0,32765719000000.0
2024,사업보고서,지분법투자 관련 손익,,-38245000000.0,15061000000.0
2024,사업보고서,기초현금및현금성자산,,7587329000000.0,4977007000000.0
2024,사업보고서,기말현금및현금성자산,,11205117000000.0,7587329000000.0
2024,사업보고서,재무활동 현금흐름,,-8703940000000.0,5696845000000.0
2024,사업보고서,자기주식의 처분,,93829000000.0,24519000000.0
2024,사업보고서,주식선택권의 행사,,0.0,53000000.0
2024,사업보고서,종속기업 유상증자 및 소유지분변동,,6032000000.0,-9220000000.0
2024,사업보고서,배당금의 지급,,826323000000.0,825575000000.0
2024,사업보고서,리스부채의 상환,,601821000000.0,461466000000.0
2024,사업보고서,차입금의 차입,,8717964000000.0,20657967000000.0
2024,사업보고서,차입금의 상환,,16093621000000.0,13689433000000.0
2024,사업보고서,투자활동 현금흐름,,-18004637000000.0,-7334727000000.0
2024,사업보고서,기타수취채권의 감소,,38222000000.0,47564000000.0
2024,사업보고서,매각예정자산의 처분,,145355000000.0,0.0
2024,사업보고서,기타금융자산의 감소,,57000000.0,577000000.0
2024,사업보고서,단기금융상품의 감소,,1499026000000.0,1409187000000.0
2024,사업보고서,기타수취채권의 증가,,47704000000.0,251498000000.0
2024,사업보고서,기타금융자산의 증가,,109646000000.0,5358000000.0
2024,사업보고서,단기금융상품의 증가,,3370863000000.0,1469396000000.0
2024,사업보고서,사업결합으로 인한 순현금유출,,0.0,0.0
2024,사업보고서,장기투자자산의 처분,,2373000000.0,18279000000.0
2024,사업보고서,장기투자자산의 취득,,19460000000.0,30537000000.0
2024,사업보고서,단기투자자산의 순증감,,457163000000.0,199912000000.0
2024,사업보고서,무형자산의 처분,,19703000000.0,484000000.0
2024,사업보고서,투자부동산의 처분,,0.0,0.0
2024,사업보고서,관계기업투자의 처분,,22510000000.0,8847000000.0
2024,사업보고서,유형자산의 처분,,47126000000.0,1539825000000.0
2024,사업보고서,무형자산의 취득,,717106000000.0,454710000000.0
2024,사업보고서,관계기업투자의 취득,,25859000000.0,22765000000.0
2024,사업보고서,유형자산의 취득,,15945534000000.0,8325138000000.0
2024,사업보고서,영업활동 현금흐름,,29795885000000.0,4278191000000.0
2024,사업보고서,영업으로부터 창출된 현금,,31250846000000.0,6688866000000.0
2024,사업보고서,배당금의 수취,,50731000000.0,35935000000.0
2024,사업보고서,법인세의 납부,,552088000000.0,1383942000000.0
2024,사업보고서,이자의 지급,,1276564000000.0,1261540000000.0
2024,사업보고서,이자의 수취,,322960000000.0,198872000000.0
2024,사업보고서,현금및현금성자산의 환율변동효과,,530480000000.0,-29987000000.0
2024,사업보고서,현금및현금성자산의 순증감,,3617788000000.0,2610322000000.0
2024,사업보고서,기초자본,,53503752000000.0,63290542000000.0
2024,사업보고서,기초자본,,-533000000.0,24187000000.0
2024,사업보고서,기초자본,,53504285000000.0,63266355000000.0
2024,사업보고서,기초자본,,-2269294000000.0,-2311409000000.0
2024,사업보고서,기초자본,,1014055000000.0,898682000000.0
2024,사업보고서,기초자본,,46729313000000.0,56685260000000.0
2024,사업보고서,기초자본,,3657652000000.0,3657652000000.0
2024,사업보고서,기초자본,,4372559000000.0,4336170000000.0
2024,사업보고서,총포괄이익(손실),,21044422000000.0,-9037496000000.0
2024,사업보고서,총포괄이익(손실),,11299000000.0,-22497000000.0
2024,사업보고서,총포괄이익(손실),,21033123000000.0,-9014999000000.0
2024,사업보고서,총포괄이익(손실),,0.0,0.0
2024,사업보고서,총포괄이익(손실),,1518052000000.0,115373000000.0
2024,사업보고서,총포괄이익(손실),,19515071000000.0,-9130372000000.0
2024,사업보고서,총포괄이익(손실),,0.0,0.0
2024,사업보고서,총포괄이익(손실),,0.0,0.0
2024,사업보고서,파생상품평가이익(손실),,637000000.0,-22414000000.0
2024,사업보고서,파생상품평가이익(손실),,0.0,0.0
2024,사업보고서,파생상품평가이익(손실),,637000000.0,-22414000000.0
2024,사업보고서,파생상품평가이익(손실),,0.0,0.0
2024,사업보고서,파생상품평가이익(손실),,637000000.0,-22414000000.0
2024,사업보고서,파생상품평가이익(손실),,0.0,0.0
2024,사업보고서,파생상품평가이익(손실),,0.0,0.0
2024,사업보고서,파생상품평가이익(손실),,0.0,0.0
2024,사업보고서,해외사업장환산외환차이,,1374587000000.0,132561000000.0
2024,사업보고서,해외사업장환산외환차이,,3078000000.0,2622000000.0
2024,사업보고서,해외사업장환산외환차이,,1371509000000.0,129939000000.0
2024,사업보고서,해외사업장환산외환차이,,0.0,0.0
2024,사업보고서,해외사업장환산외환차이,,1371509000000.0,129939000000.0
2024,사업보고서,해외사업장환산외환차이,,0.0,0.0
2024,사업보고서,해외사업장환산외환차이,,0.0,0.0
2024,사업보고서,해외사업장환산외환차이,,0.0,0.0
2024,사업보고서,확정급여제도의 재측정요소,,-273610000000.0,-17944000000.0
2024,사업보고서,확정급여제도의 재측정요소,,0.0,0.0
2024,사업보고서,확정급여제도의 재측정요소,,-273610000000.0,-17944000000.0
2024,사업보고서,확정급여제도의 재측정요소,,0.0,0.0
2024,사업보고서,확정급여제도의 재측정요소,,0.0,0.0
2024,사업보고서,확정급여제도의 재측정요소,,-273610000000.0,-17944000000.0
2024,사업보고서,확정급여제도의 재측정요소,,0.0,0.0
2024,사업보고서,확정급여제도의 재측정요소,,0.0,0.0
2024,사업보고서,당기순이익(손실),,19796902000000.0,-9137547000000.0
2024,사업보고서,당기순이익(손실),,8221000000.0,-25119000000.0
2024,사업보고서,당기순이익(손실),,19788681000000.0,-9112428000000.0
2024,사업보고서,당기순이익(손실),,0.0,0.0
2024,사업보고서,당기순이익(손실),,0.0,0.0
2024,사업보고서,당기순이익(손실),,19788681000000.0,-9112428000000.0
2024,사업보고서,당기순이익(손실),,0.0,0.0
2024,사업보고서,당기순이익(손실),,0.0,0.0
2024,사업보고서,관계기업의 기타포괄손익에 대한 지분,,145906000000.0,7848000000.0
2024,사업보고서,관계기업의 기타포괄손익에 대한 지분,,0.0,0.0
2024,사업보고서,관계기업의 기타포괄손익에 대한 지분,,145906000000.0,7848000000.0
2024,사업보고서,관계기업의 기타포괄손익에 대한 지분,,0.0,0.0
2024,사업보고서,관계기업의 기타포괄손익에 대한 지분,,145906000000.0,7848000000.0
2024,사업보고서,관계기업의 기타포괄손익에 대한 지분,,0.0,0.0
2024,사업보고서,관계기업의 기타포괄손익에 대한 지분,,0.0,0.0
2024,사업보고서,관계기업의 기타포괄손익에 대한 지분,,0.0,0.0
2024,사업보고서,자본총계,,73915704000000.0,53503752000000.0
2024,사업보고서,자본총계,,12310000000.0,-533000000.0
2024,사업보고서,자본총계,,73903394000000.0,53504285000000.0
2024,사업보고서,자본총계,,-2191549000000.0,-2269294000000.0
2024,사업보고서,자본총계,,2532107000000.0,1014055000000.0
2024,사업보고서,자본총계,,65418061000000.0,46729313000000.0
2024,사업보고서,자본총계,,3657652000000.0,3657652000000.0
2024,사업보고서,자본총계,,4487123000000.0,4372559000000.0
2024,사업보고서,자본에 직접 반영된 소유주와의 거래 합계,,-632470000000.0,-749294000000.0
2024,사업보고서,자본에 직접 반영된 소유주와의 거래 합계,,1544000000.0,-2223000000.0
2024,사업보고서,자본에 직접 반영된 소유주와의 거래 합계,,-634014000000.0,-747071000000.0
2024,사업보고서,자본에 직접 반영된 소유주와의 거래 합계,,77745000000.0,42115000000.0
2024,사업보고서,자본에 직접 반영된 소유주와의 거래 합계,,0.0,0.0
2024,사업보고서,자본에 직접 반영된 소유주와의 거래 합계,,-826323000000.0,-825575000000.0
2024,사업보고서,자본에 직접 반영된 소유주와의 거래 합계,,0.0,0.0
2024,사업보고서,자본에 직접 반영된 소유주와의 거래 합계,,114564000000.0,36389000000.0
2024,사업보고서,주식선택권 조건변경,,0.0,0.0
2024,사업보고서,주식선택권 조건변경,,0.0,0.0
2024,사업보고서,주식선택권 조건변경,,0.0,0.0
2024,사업보고서,주식선택권 조건변경,,0.0,0.0
2024,사업보고서,주식선택권 조건변경,,0.0,0.0
2024,사업보고서,주식선택권 조건변경,,0.0,0.0
2024,사업보고서,주식선택권 조건변경,,0.0,0.0
2024,사업보고서,주식선택권 조건변경,,0.0,0.0
2024,사업보고서,비지배지분의 감소,,0.0,0.0
2024,사업보고서,비지배지분의 감소,,0.0,0.0
2024,사업보고서,비지배지분의 감소,,0.0,0.0
2024,사업보고서,비지배지분의 감소,,0.0,0.0
2024,사업보고서,비지배지분의 감소,,0.0,0.0
2024,사업보고서,비지배지분의 감소,,0.0,0.0
2024,사업보고서,비지배지분의 감소,,0.0,0.0
2024,사업보고서,비지배지분의 감소,,0.0,0.0
2024,사업보고서,배당금의 지급,,826323000000.0,825575000000.0
2024,사업보고서,배당금의 지급,,0.0,0.0
2024,사업보고서,배당금의 지급,,826323000000.0,825575000000.0
2024,사업보고서,배당금의 지급,,0.0,0.0
2024,사업보고서,배당금의 지급,,0.0,0.0
2024,사업보고서,배당금의 지급,,826323000000.0,825575000000.0
2024,사업보고서,배당금의 지급,,0.0,0.0
2024,사업보고서,배당금의 지급,,0.0,0.0
2024,사업보고서,종속기업 유상증자 및 소유지분변동,,6032000000.0,-9221000000.0
2024,사업보고서,종속기업 유상증자 및 소유지분변동,,6032000000.0,-6753000000.0
2024,사업보고서,종속기업 유상증자 및 소유지분변동,,0.0,-2468000000.0
2024,사업보고서,종속기업 유상증자 및 소유지분변동,,0.0,0.0
2024,사업보고서,종속기업 유상증자 및 소유지분변동,,0.0,0.0
2024,사업보고서,종속기업 유상증자 및 소유지분변동,,0.0,0.0
2024,사업보고서,종속기업 유상증자 및 소유지분변동,,0.0,0.0
2024,사업보고서,종속기업 유상증자 및 소유지분변동,,0.0,-2468000000.0
2024,사업보고서,주식선택권의 부여/행사,,60513000000.0,44138000000.0
2024,사업보고서,주식선택권의 부여/행사,,-4488000000.0,4530000000.0
2024,사업보고서,주식선택권의 부여/행사,,65001000000.0,39608000000.0
2024,사업보고서,주식선택권의 부여/행사,,26432000000.0,14317000000.0
2024,사업보고서,주식선택권의 부여/행사,,0.0,0.0
2024,사업보고서,주식선택권의 부여/행사,,0.0,0.0
2024,사업보고서,주식선택권의 부여/행사,,0.0,0.0
2024,사업보고서,주식선택권의 부여/행사,,38569000000.0,25291000000.0
2024,사업보고서,자기주식의 처분,,127308000000.0,41364000000.0
2024,사업보고서,자기주식의 처분,,0.0,0.0
2024,사업보고서,자기주식의 처분,,127308000000.0,41364000000.0
2024,사업보고서,자기주식의 처분,,51313000000.0,27798000000.0
2024,사업보고서,자기주식의 처분,,0.0,0.0
2024,사업보고서,자기주식의 처분,,0.0,0.0
2024,사업보고서,자기주식의 처분,,0.0,0.0
2024,사업보고서,자기주식의 처분,,75995000000.0,13566000000.0
2024,반기보고서,자산총계,,105624349000000.0,100330165000000.0
2024,반기보고서,유동자산,,35683696000000.0,30468100000000.0
2024,반기보고서,단기금융상품,,590846000000.0,472617000000.0
2024,반기보고서,현금및현금성자산,,7933829000000.0,7587329000000.0
2024,반기보고서,단기투자자산,,1163385000000.0,860972000000.0
2024,반기보고서,당기법인세자산,,12300000000.0,69916000000.0
2024,반기보고서,매출채권,,10223675000000.0,6600273000000.0
2024,반기보고서,재고자산,,13354938000000.0,13480659000000.0
2024,반기보고서,매각예정자산,,947626000000.0,29441000000.0
2024,반기보고서,기타유동자산,,1038377000000.0,925502000000.0
2024,반기보고서,기타금융자산,,145837000000.0,83750000000.0
2024,반기보고서,기타수취채권,,272883000000.0,357641000000.0
2024,반기보고서,비유동자산,,69940653000000.0,69862065000000.0
2024,반기보고서,이연법인세자산,,2890972000000.0,2989472000000.0
2024,반기보고서,무형자산,,3839880000000.0,3834567000000.0
2024,반기보고서,관계기업 및 공동기업투자,,1444377000000.0,1367348000000.0
2024,반기보고서,투자부동산,,206000000.0,211000000.0
2024,반기보고서,장기투자자산,,3926220000000.0,4105704000000.0
2024,반기보고서,종업원급여자산,,1335579000000.0,1404014000000.0
2024,반기보고서,기타비유동자산,,188299000000.0,217822000000.0
2024,반기보고서,기타금융자산,,160766000000.0,68217000000.0
2024,반기보고서,기타수취채권,,412979000000.0,475013000000.0
2024,반기보고서,유형자산,,53231992000000.0,52704853000000.0
2024,반기보고서,사용권자산,,2509383000000.0,2694844000000.0
2024,반기보고서,자본총계,,59830020000000.0,53503752000000.0
2024,반기보고서,지배기업의 소유주에게 귀속되는 자본,,59833303000000.0,53504285000000.0
2024,반기보고서,자본잉여금,,4420115000000.0,4372559000000.0
2024,반기보고서,기타자본,,-2232308000000.0,-2269294000000.0
2024,반기보고서,기타포괄손익누계액,,1686207000000.0,1014055000000.0
2024,반기보고서,자본금,,3657652000000.0,3657652000000.0
2024,반기보고서,이익잉여금,,52301637000000.0,46729313000000.0
2024,반기보고서,비지배지분,,-3283000000.0,-533000000.0
2024,반기보고서,부채및자본총계,,105624349000000.0,100330165000000.0
2024,반기보고서,유동부채,,23354170000000.0,21007810000000.0
2024,반기보고서,기타지급채무,,2689193000000.0,1688631000000.0
2024,반기보고서,미지급금,,5662165000000.0,3293308000000.0
2024,반기보고서,차입금,,6274350000000.0,9857189000000.0
2024,반기보고서,리스부채,,592561000000.0,631497000000.0
2024,반기보고서,충당부채,,251394000000.0,286517000000.0
2024,반기보고서,당기법인세부채,,1073387000000.0,43890000000.0
2024,반기보고서,매각예정부채,,1340447000000.0,0.0
2024,반기보고서,기타금융부채,,1593632000000.0,1478980000000.0
2024,반기보고서,기타 유동부채,,1783819000000.0,1882261000000.0
2024,반기보고서,매입채무,,2093222000000.0,1845537000000.0
2024,반기보고서,부채총계,,45794329000000.0,46826413000000.0
2024,반기보고서,비유동부채,,22440159000000.0,25818603000000.0
2024,반기보고서,기타지급채무,,100878000000.0,96567000000.0
2024,반기보고서,이연법인세부채,,135702000000.0,114396000000.0
2024,반기보고서,차입금,,18953617000000.0,19611443000000.0
2024,반기보고서,리스부채,,2259454000000.0,2398377000000.0
2024,반기보고서,충당부채,,0.0,1603000000.0
2024,반기보고서,확정급여부채,,68159000000.0,63932000000.0
2024,반기보고서,기타금융부채,,4076000000.0,3247000000.0
2024,반기보고서,기타 비유동 부채,,427867000000.0,385402000000.0
2024,반기보고서,장기미지급금,,490406000000.0,3143636000000.0
2024,반기보고서,영업이익(손실),,5468536000000.0,
2024,반기보고서,기타영업외수익,,16781000000.0,
2024,반기보고서,기타영업외비용,,36572000000.0,
2024,반기보고서,판매비와관리비,,2027928000000.0,
2024,반기보고서,반기총포괄이익(손실),,4509743000000.0,
2024,반기보고서,비지배지분,,617000000.0,
2024,반기보고서,지배기업의 소유주지분,,4509126000000.0,
2024,반기보고서,매출원가,,8926794000000.0,
2024,반기보고서,기본주당반기순이익(손실),,5983.0,
2024,반기보고서,희석주당반기순이익(손실),,5938.0,
2024,반기보고서,금융비용,,1312751000000.0,
2024,반기보고서,금융수익,,915411000000.0,
2024,반기보고서,매출총이익(손실),,7496464000000.0,
2024,반기보고서,법인세비용(수익),,932184000000.0,
2024,반기보고서,법인세차감후 기타포괄손익,,389740000000.0,
2024,반기보고서,파생상품평가손익,,205000000.0,
2024,반기보고서,해외사업장환산외환차이,,359604000000.0,
2024,반기보고서,관계기업의 기타포괄손익에 대한 지분,,33699000000.0,
2024,반기보고서,확정급여제도의재측정요소,,-3768000000.0,
2024,반기보고서,반기순이익(손실),,4120003000000.0,
2024,반기보고서,비지배지분,,-276000000.0,
2024,반기보고서,지배기업의 소유주지분,,4120279000000.0,
2024,반기보고서,법인세비용차감전순이익(손실),,5052187000000.0,
2024,반기보고서,매출액,,16423258000000.0,
2024,반기보고서,지분법투자 관련 손익,,782000000.0,
2024,반기보고서,기초현금및현금성자산,,7587329000000.0,
2024,반기보고서,반기말 현금및현금성자산,,7933829000000.0,
2024,반기보고서,매각예정분류,,-82899000000.0,
2024,반기보고서,재무활동현금흐름,,-5032904000000.0,
2024,반기보고서,자기주식의 처분 등,,73032000000.0,
2024,반기보고서,종속회사 유상증자 및 소유지분변동,,1315000000.0,
2024,반기보고서,배당금지급,,413026000000.0,
2024,반기보고서,리스부채의 상환,,309886000000.0,
2024,반기보고서,차입금의 차입,,6076256000000.0,
2024,반기보고서,차입금의 상환,,10460595000000.0,
2024,반기보고서,투자활동현금흐름,,-5774579000000.0,
2024,반기보고서,기타수취채권의 감소,,20216000000.0,
2024,반기보고서,단기금융상품의 감소,,719929000000.0,
2024,반기보고서,기타수취채권의 증가,,45100000000.0,
2024,반기보고서,기타금융자산의 증가,,4757000000.0,
2024,반기보고서,단기금융상품의 증가,,826345000000.0,
2024,반기보고서,장기투자자산의 처분,,1774000000.0,
2024,반기보고서,장기투자자산의 취득,,9238000000.0,
2024,반기보고서,단기투자자산의 순증감,,-235470000000.0,
2024,반기보고서,기타,,36144000000.0,
2024,반기보고서,관계기업투자의 처분,,9867000000.0,
2024,반기보고서,무형자산의 취득,,257639000000.0,
2024,반기보고서,관계기업투자의 취득,,17840000000.0,
2024,반기보고서,유형자산의 취득,,5166120000000.0,
2024,반기보고서,영업활동현금흐름,,11015501000000.0,
2024,반기보고서,영업에서 창출된 현금흐름,,11682485000000.0,
2024,반기보고서,배당금의 수취,,28643000000.0,
2024,반기보고서,법인세의 납부,,141107000000.0,
2024,반기보고서,이자의 지급,,710309000000.0,
2024,반기보고서,이자의 수취,,155789000000.0,
2024,반기보고서,현금및현금성자산에 대한 환율변동효과,,221381000000.0,
2024,반기보고서,현금및현금성자산의 증가(감소),,346500000000.0,
2024,반기보고서,기초자본,,53503752000000.0,
2024,반기보고서,기초자본,,-533000000.0,
2024,반기보고서,기초자본,,53504285000000.0,
2024,반기보고서,기초자본,,-2269294000000.0,
2024,반기보고서,기초자본,,1014055000000.0,
2024,반기보고서,기초자본,,46729313000000.0,
2024,반기보고서,기초자본,,3657652000000.0,
2024,반기보고서,기초자본,,4372559000000.0,
2024,반기보고서,종속기업 유상증자,,1315000000.0,
2024,반기보고서,종속기업 유상증자,,1315000000.0,
2024,반기보고서,종속기업 유상증자,,0.0,
2024,반기보고서,종속기업 유상증자,,0.0,
2024,반기보고서,종속기업 유상증자,,0.0,
2024,반기보고서,종속기업 유상증자,,0.0,
2024,반기보고서,종속기업 유상증자,,0.0,
2024,반기보고서,종속기업 유상증자,,0.0,
2024,반기보고서,주식선택권의 행사,,16112000000.0,
2024,반기보고서,주식선택권의 행사,,-3017000000.0,
2024,반기보고서,주식선택권의 행사,,19129000000.0,
2024,반기보고서,주식선택권의 행사,,0.0,
2024,반기보고서,주식선택권의 행사,,0.0,
2024,반기보고서,주식선택권의 행사,,0.0,
2024,반기보고서,주식선택권의 행사,,0.0,
2024,반기보고서,주식선택권의 행사,,19129000000.0,
2024,반기보고서,주식선택권의 부여,,10062000000.0,
2024,반기보고서,주식선택권의 부여,,383000000.0,
2024,반기보고서,주식선택권의 부여,,9679000000.0,
2024,반기보고서,주식선택권의 부여,,9679000000.0,
2024,반기보고서,주식선택권의 부여,,0.0,
2024,반기보고서,주식선택권의 부여,,0.0,
2024,반기보고서,주식선택권의 부여,,0.0,
2024,반기보고서,주식선택권의 부여,,0.0,
2024,반기보고서,반기총포괄이익(손실),,4509743000000.0,
2024,반기보고서,반기총포괄이익(손실),,-1431000000.0,
2024,반기보고서,반기총포괄이익(손실),,6657502000000.0,
2024,반기보고서,반기총포괄이익(손실),,0.0,
2024,반기보고서,반기총포괄이익(손실),,672152000000.0,
2024,반기보고서,반기총포괄이익(손실),,5985350000000.0,
2024,반기보고서,반기총포괄이익(손실),,0.0,
2024,반기보고서,반기총포괄이익(손실),,0.0,
2024,반기보고서,배당금의 지급,,413026000000.0,
2024,반기보고서,배당금의 지급,,0.0,
2024,반기보고서,배당금의 지급,,413026000000.0,
2024,반기보고서,배당금의 지급,,0.0,
2024,반기보고서,배당금의 지급,,0.0,
2024,반기보고서,배당금의 지급,,413026000000.0,
2024,반기보고서,배당금의 지급,,0.0,
2024,반기보고서,배당금의 지급,,0.0,
2024,반기보고서,자본총계,,59830020000000.0,53503752000000.0
2024,반기보고서,자본총계,,-3283000000.0,
2024,반기보고서,자본총계,,59833303000000.0,
2024,반기보고서,자본총계,,-2232308000000.0,
2024,반기보고서,자본총계,,1686207000000.0,
2024,반기보고서,자본총계,,52301637000000.0,
2024,반기보고서,자본총계,,3657652000000.0,
2024,반기보고서,자본총계,,4420115000000.0,
2024,반기보고서,종속회사 지분 추가 취득,,0.0,
2024,반기보고서,종속회사 지분 추가 취득,,0.0,
2024,반기보고서,종속회사 지분 추가 취득,,0.0,
2024,반기보고서,종속회사 지분 추가 취득,,0.0,
2024,반기보고서,종속회사 지분 추가 취득,,0.0,
2024,반기보고서,종속회사 지분 추가 취득,,0.0,
2024,반기보고서,종속회사 지분 추가 취득,,0.0,
2024,반기보고서,종속회사 지분 추가 취득,,0.0,
2024,반기보고서,자본에 직접 반영된 소유주와의 거래 합계,,-329803000000.0,
2024,반기보고서,자본에 직접 반영된 소유주와의 거래 합계,,-1319000000.0,
2024,반기보고서,자본에 직접 반영된 소유주와의 거래 합계,,-328484000000.0,
2024,반기보고서,자본에 직접 반영된 소유주와의 거래 합계,,36986000000.0,
2024,반기보고서,자본에 직접 반영된 소유주와의 거래 합계,,0.0,
2024,반기보고서,자본에 직접 반영된 소유주와의 거래 합계,,-413026000000.0,
2024,반기보고서,자본에 직접 반영된 소유주와의 거래 합계,,0.0,
2024,반기보고서,자본에 직접 반영된 소유주와의 거래 합계,,47556000000.0,
2024,반기보고서,파생상품평가손익,,-5326000000.0,
2024,반기보고서,파생상품평가손익,,0.0,
2024,반기보고서,파생상품평가손익,,-5326000000.0,
2024,반기보고서,파생상품평가손익,,0.0,
2024,반기보고서,파생상품평가손익,,-5326000000.0,
2024,반기보고서,파생상품평가손익,,0.0,
2024,반기보고서,파생상품평가손익,,0.0,
2024,반기보고서,파생상품평가손익,,0.0,
2024,반기보고서,해외사업장환산외환차이,,596678000000.0,
2024,반기보고서,해외사업장환산외환차이,,1057000000.0,
2024,반기보고서,해외사업장환산외환차이,,595621000000.0,
2024,반기보고서,해외사업장환산외환차이,,0.0,
2024,반기보고서,해외사업장환산외환차이,,595621000000.0,
2024,반기보고서,해외사업장환산외환차이,,0.0,
2024,반기보고서,해외사업장환산외환차이,,0.0,
2024,반기보고서,해외사업장환산외환차이,,0.0,
2024,반기보고서,확정급여제도의재측정요소,,-3768000000.0,
2024,반기보고서,확정급여제도의재측정요소,,0.0,
2024,반기보고서,확정급여제도의재측정요소,,-54180000000.0,
2024,반기보고서,확정급여제도의재측정요소,,0.0,
2024,반기보고서,확정급여제도의재측정요소,,0.0,
2024,반기보고서,확정급여제도의재측정요소,,-54180000000.0,
2024,반기보고서,확정급여제도의재측정요소,,0.0,
2024,반기보고서,확정급여제도의재측정요소,,0.0,
2024,반기보고서,반기순이익(손실),,4120003000000.0,
2024,반기보고서,반기순이익(손실),,-2488000000.0,
2024,반기보고서,반기순이익(손실),,6039530000000.0,
2024,반기보고서,반기순이익(손실),,0.0,
2024,반기보고서,반기순이익(손실),,0.0,
2024,반기보고서,반기순이익(손실),,6039530000000.0,
2024,반기보고서,반기순이익(손실),,0.0,
2024,반기보고서,반기순이익(손실),,0.0,
2024,반기보고서,자기주식처분,,55734000000.0,
2024,반기보고서,자기주식처분,,0.0,
2024,반기보고서,자기주식처분,,55734000000.0,
2024,반기보고서,자기주식처분,,27307000000.0,
2024,반기보고서,자기주식처분,,0.0,
2024,반기보고서,자기주식처분,,0.0,
2024,반기보고서,자기주식처분,,0.0,
2024,반기보고서,자기주식처분,,28427000000.0,
2024,반기보고서,관계기업의 기타포괄손익에 대한 지분,,33699000000.0,
2024,반기보고서,관계기업의 기타포괄손익에 대한 지분,,0.0,
2024,반기보고서,관계기업의 기타포괄손익에 대한 지분,,81857000000.0,
2024,반기보고서,관계기업의 기타포괄손익에 대한 지분,,0.0,
2024,반기보고서,관계기업의 기타포괄손익에 대한 지분,,81857000000.0,
2024,반기보고서,관계기업의 기타포괄손익에 대한 지분,,0.0,
2024,반기보고서,관계기업의 기타포괄손익에 대한 지분,,0.0,
2024,반기보고서,관계기업의 기타포괄손익에 대한 지분,,0.0,
2025,사업보고서,자산총계,,176107659000000.0,119855209000000.0
2025,사업보고서,유동자산,,69458073000000.0,42278887000000.0
2025,사업보고서,현금및현금성자산,,14923766000000.0,11205117000000.0
2025,사업보고서,단기투자자산,,5338768000000.0,569236000000.0
2025,사업보고서,당기법인세자산,,67715000000.0,57467000000.0
2025,사업보고서,매출채권,,18199078000000.0,13019006000000.0
2025,사업보고서,재고자산,,14289390000000.0,13313937000000.0
2025,사업보고서,매각예정자산,,0.0,0.0
2025,사업보고서,기타유동자산,,1378035000000.0,1393744000000.0
2025,사업보고서,기타금융자산,,195259000000.0,45309000000.0
2025,사업보고서,기타수취채권,,386343000000.0,293061000000.0
2025,사업보고서,단기금융상품,,14679719000000.0,2382010000000.0
2025,사업보고서,비유동자산,,106649586000000.0,77576322000000.0
2025,사업보고서,이연법인세자산,,3660493000000.0,2811559000000.0
2025,사업보고서,무형자산,,4049402000000.0,4018847000000.0
2025,사업보고서,관계기업 및 공동기업투자,,1320927000000.0,1940663000000.0
2025,사업보고서,투자부동산,,188000000.0,200000000.0
2025,사업보고서,장기투자자산,,14547099000000.0,4041276000000.0
2025,사업보고서,종업원급여자산,,1552888000000.0,1154255000000.0
2025,사업보고서,기타비유동자산,,144930000000.0,174142000000.0
2025,사업보고서,기타금융자산,,1114462000000.0,346749000000.0
2025,사업보고서,기타수취채권,,420036000000.0,444286000000.0
2025,사업보고서,유형자산,,77502704000000.0,60157474000000.0
2025,사업보고서,사용권자산,,2336457000000.0,2486871000000.0
2025,사업보고서,자본총계,,120666751000000.0,73915704000000.0
2025,사업보고서,지배기업의 소유지분,,120516178000000.0,73903394000000.0
2025,사업보고서,자본잉여금,,8953714000000.0,4487123000000.0
2025,사업보고서,기타자본,,-1348598000000.0,-2191549000000.0
2025,사업보고서,기타포괄손익누계액,,2676862000000.0,2532107000000.0
2025,사업보고서,자본금,,3657652000000.0,3657652000000.0
2025,사업보고서,이익잉여금,,106576548000000.0,65418061000000.0
2025,사업보고서,비지배지분,,150573000000.0,12310000000.0
2025,사업보고서,부채및자본총계,,176107659000000.0,119855209000000.0
2025,사업보고서,유동부채,,37378999000000.0,24965444000000.0
2025,사업보고서,기타지급채무,,6283111000000.0,3983543000000.0
2025,사업보고서,미지급금,,6434144000000.0,6967013000000.0
2025,사업보고서,차입금,,8161757000000.0,5252238000000.0
2025,사업보고서,리스부채,,547296000000.0,588355000000.0
2025,사업보고서,충당부채,,228937000000.0,270235000000.0
2025,사업보고서,당기법인세부채,,7023813000000.0,3083950000000.0
2025,사업보고서,기타금융부채,,4913879000000.0,1741587000000.0
2025,사업보고서,기타유동부채,,937607000000.0,801176000000.0
2025,사업보고서,매입채무,,2848455000000.0,2277347000000.0
2025,사업보고서,부채총계,,55440908000000.0,45939505000000.0
2025,사업보고서,비유동부채,,18061909000000.0,20974061000000.0
2025,사업보고서,기타지급채무,,19970000000.0,51897000000.0
2025,사업보고서,이연법인세부채,,248395000000.0,217852000000.0
2025,사업보고서,차입금,,14086148000000.0,17431495000000.0
2025,사업보고서,리스부채,,1962647000000.0,2180021000000.0
2025,사업보고서,충당부채,,0.0,0.0
2025,사업보고서,확정급여부채,,66144000000.0,68090000000.0
2025,사업보고서,기타금융부채,,2487000000.0,5909000000.0
2025,사업보고서,기타비유동부채,,1300977000000.0,541770000000.0
2025,사업보고서,장기미지급금,,375141000000.0,477027000000.0
2025,사업보고서,영업이익(손실),,47206319000000.0,23467319000000.0
2025,사업보고서,기타영업외수익,,333277000000.0,1476579000000.0
2025,사업보고서,기타영업외비용,,377973000000.0,167388000000.0
2025,사업보고서,판매비와관리비,,11484471000000.0,8360827000000.0
2025,사업보고서,총포괄이익(손실),,43017348000000.0,21044422000000.0
2025,사업보고서,비지배지분,,32940000000.0,11299000000.0
2025,사업보고서,지배기업의 소유주지분,,42984408000000.0,21033123000000.0
2025,사업보고서,매출원가,,38455885000000.0,34364814000000.0
2025,사업보고서,기본주당순이익(손실),,62044.0,28732.0
2025,사업보고서,희석주당순이익(손실),,60378.0,28419.0
2025,사업보고서,금융비용,,12504998000000.0,5707997000000.0
2025,사업보고서,금융수익,,16373480000000.0,4855082000000.0
2025,사업보고서,매출총이익(손실),,58690790000000.0,31828146000000.0
2025,사업보고서,법인세비용(수익),,7517650000000.0,4088448000000.0
2025,사업보고서,법인세차감후 기타포괄손익,,69446000000.0,1247520000000.0
2025,사업보고서,후속적으로 당기손익으로 재분류되는 포괄손익,,149079000000.0,1521130000000.0
2025,사업보고서,파생상품평가손익,,2118000000.0,637000000.0
2025,사업보고서,해외사업장환산외환차이,,173701000000.0,1374587000000.0
2025,사업보고서,관계기업의 기타포괄손익에 대한 지분,,-26740000000.0,145906000000.0
2025,사업보고서,후속적으로 당기손익으로 재분류되지 않는 포괄손익,,-79633000000.0,-273610000000.0
2025,사업보고서,확정급여제도의 재측정요소,,-79633000000.0,-273610000000.0
2025,사업보고서,당기순이익(손실),,42947902000000.0,19796902000000.0
2025,사업보고서,비지배지분,,28615000000.0,8221000000.0
2025,사업보고서,지배기업의 소유주지분,,42919287000000.0,19788681000000.0
2025,사업보고서,법인세비용차감전순이익(손실),,50465552000000.0,23885350000000.0
2025,사업보고서,매출액,,97146675000000.0,66192960000000.0
2025,사업보고서,지분법투자 관련 손익,,-564553000000.0,-38245000000.0
2025,사업보고서,기초 현금및현금성자산,,11205117000000.0,7587329000000.0
2025,사업보고서,기말 현금및현금성자산,,14923766000000.0,11205117000000.0
2025,사업보고서,재무활동 현금흐름,,-1444992000000.0,-8703940000000.0
2025,사업보고서,자기주식의 처분,,65035000000.0,93829000000.0
2025,사업보고서,주식선택권의 행사,,0.0,0.0
2025,사업보고서,종속기업 유상증자 및 소유지분변동,,0.0,6032000000.0
2025,사업보고서,배당금의 지급,,1681166000000.0,826323000000.0
2025,사업보고서,리스부채의 상환,,596465000000.0,601821000000.0
2025,사업보고서,차입금의 차입,,8183735000000.0,8717964000000.0
2025,사업보고서,차입금의 상환,,7416131000000.0,16093621000000.0
2025,사업보고서,투자활동 현금흐름,,-48054251000000.0,-18004637000000.0
2025,사업보고서,매각예정자산의 처분,,85216000000.0,145355000000.0
2025,사업보고서,기타수취채권의 감소,,32880000000.0,38222000000.0
2025,사업보고서,기타금융자산의 감소,,115091000000.0,57000000.0
2025,사업보고서,단기금융상품의 감소,,6513772000000.0,1499026000000.0
2025,사업보고서,기타수취채권의 증가,,178331000000.0,47704000000.0
2025,사업보고서,기타금융자산의 증가,,1105649000000.0,109646000000.0
2025,사업보고서,단기금융상품의 증가,,18804330000000.0,3370863000000.0
2025,사업보고서,사업결합으로 인한 현금유출,,3079783000000.0,0.0
2025,사업보고서,장기투자자산의 처분,,1233030000000.0,2373000000.0
2025,사업보고서,장기투자자산의 취득,,33956000000.0,19460000000.0
2025,사업보고서,단기투자자산의 순증감,,-4552604000000.0,457163000000.0
2025,사업보고서,정부보조금의 수령,,144911000000.0,0.0
2025,사업보고서,무형자산의 처분,,2142000000.0,19703000000.0
2025,사업보고서,관계기업투자주식의 처분,,16875000000.0,22510000000.0
2025,사업보고서,유형자산의 처분,,144828000000.0,47126000000.0
2025,사업보고서,무형자산의 취득,,1060419000000.0,717106000000.0
2025,사업보고서,관계기업투자주식의 취득,,9000000000.0,25859000000.0
2025,사업보고서,유형자산의 취득,,27518924000000.0,15945534000000.0
2025,사업보고서,영업활동 현금흐름,,53373126000000.0,29795885000000.0
2025,사업보고서,영업으로부터 창출된 현금흐름,,58904432000000.0,31250846000000.0
2025,사업보고서,배당금의 수취,,960716000000.0,50731000000.0
2025,사업보고서,법인세의 납부,,5891155000000.0,552088000000.0
2025,사업보고서,이자의 지급,,938849000000.0,1276564000000.0
2025,사업보고서,이자의 수취,,337982000000.0,322960000000.0
2025,사업보고서,현금및현금성자산의 환율변동효과,,-155234000000.0,530480000000.0
2025,사업보고서,현금및현금성자산의 순증감,,3718649000000.0,3617788000000.0
2025,사업보고서,기초자본,,73915704000000.0,53503752000000.0
2025,사업보고서,기초자본,,12310000000.0,-533000000.0
2025,사업보고서,기초자본,,73903394000000.0,53504285000000.0
2025,사업보고서,기초자본,,-2191549000000.0,-2269294000000.0
2025,사업보고서,기초자본,,2532107000000.0,1014055000000.0
2025,사업보고서,기초자본,,65418061000000.0,46729313000000.0
2025,사업보고서,기초자본,,3657652000000.0,3657652000000.0
2025,사업보고서,기초자본,,4487123000000.0,4372559000000.0
2025,사업보고서,총포괄이익(손실),,43017348000000.0,21044422000000.0
2025,사업보고서,총포괄이익(손실),,32940000000.0,11299000000.0
2025,사업보고서,총포괄이익(손실),,42984408000000.0,21033123000000.0
2025,사업보고서,총포괄이익(손실),,0.0,0.0
2025,사업보고서,총포괄이익(손실),,144755000000.0,1518052000000.0
2025,사업보고서,총포괄이익(손실),,42839653000000.0,19515071000000.0
2025,사업보고서,총포괄이익(손실),,0.0,0.0
2025,사업보고서,총포괄이익(손실),,0.0,0.0
2025,사업보고서,파생상품평가손익,,2118000000.0,637000000.0
2025,사업보고서,파생상품평가손익,,0.0,0.0
2025,사업보고서,파생상품평가손익,,2118000000.0,637000000.0
2025,사업보고서,파생상품평가손익,,0.0,0.0
2025,사업보고서,파생상품평가손익,,2118000000.0,637000000.0
2025,사업보고서,파생상품평가손익,,0.0,0.0
2025,사업보고서,파생상품평가손익,,0.0,0.0
2025,사업보고서,파생상품평가손익,,0.0,0.0
2025,사업보고서,해외사업장환산외환차이,,173701000000.0,1374587000000.0
2025,사업보고서,해외사업장환산외환차이,,4324000000.0,3078000000.0
2025,사업보고서,해외사업장환산외환차이,,169377000000.0,1371509000000.0
2025,사업보고서,해외사업장환산외환차이,,0.0,0.0
2025,사업보고서,해외사업장환산외환차이,,169377000000.0,1371509000000.0
2025,사업보고서,해외사업장환산외환차이,,0.0,0.0
2025,사업보고서,해외사업장환산외환차이,,0.0,0.0
2025,사업보고서,해외사업장환산외환차이,,0.0,0.0
2025,사업보고서,확정급여제도의 재측정요소,,-79633000000.0,-273610000000.0
2025,사업보고서,확정급여제도의 재측정요소,,0.0,0.0
2025,사업보고서,확정급여제도의 재측정요소,,-79633000000.0,-273610000000.0
2025,사업보고서,확정급여제도의 재측정요소,,0.0,0.0
2025,사업보고서,확정급여제도의 재측정요소,,0.0,0.0
2025,사업보고서,확정급여제도의 재측정요소,,-79633000000.0,-273610000000.0
2025,사업보고서,확정급여제도의 재측정요소,,0.0,0.0
2025,사업보고서,확정급여제도의 재측정요소,,0.0,0.0
2025,사업보고서,당기순이익(손실),,42947902000000.0,19796902000000.0
2025,사업보고서,당기순이익(손실),,28616000000.0,8221000000.0
2025,사업보고서,당기순이익(손실),,42919286000000.0,19788681000000.0
2025,사업보고서,당기순이익(손실),,0.0,0.0
2025,사업보고서,당기순이익(손실),,0.0,0.0
2025,사업보고서,당기순이익(손실),,42919286000000.0,19788681000000.0
2025,사업보고서,당기순이익(손실),,0.0,0.0
2025,사업보고서,당기순이익(손실),,0.0,0.0
2025,사업보고서,관계기업의 기타포괄손익에 대한 지분,,-26740000000.0,145906000000.0
2025,사업보고서,관계기업의 기타포괄손익에 대한 지분,,0.0,0.0
2025,사업보고서,관계기업의 기타포괄손익에 대한 지분,,-26740000000.0,145906000000.0
2025,사업보고서,관계기업의 기타포괄손익에 대한 지분,,0.0,0.0
2025,사업보고서,관계기업의 기타포괄손익에 대한 지분,,-26740000000.0,145906000000.0
2025,사업보고서,관계기업의 기타포괄손익에 대한 지분,,0.0,0.0
2025,사업보고서,관계기업의 기타포괄손익에 대한 지분,,0.0,0.0
2025,사업보고서,관계기업의 기타포괄손익에 대한 지분,,0.0,0.0
2025,사업보고서,자본총계,,120666751000000.0,73915704000000.0
2025,사업보고서,자본총계,,150573000000.0,12310000000.0
2025,사업보고서,자본총계,,120516178000000.0,73903394000000.0
2025,사업보고서,자본총계,,-1348598000000.0,-2191549000000.0
2025,사업보고서,자본총계,,2676862000000.0,2532107000000.0
2025,사업보고서,자본총계,,106576548000000.0,65418061000000.0
2025,사업보고서,자본총계,,3657652000000.0,3657652000000.0
2025,사업보고서,자본총계,,8953714000000.0,4487123000000.0
2025,사업보고서,자본에 직접 반영된 소유주와의 거래 합계,,3733699000000.0,-632470000000.0
2025,사업보고서,자본에 직접 반영된 소유주와의 거래 합계,,105323000000.0,1544000000.0
2025,사업보고서,자본에 직접 반영된 소유주와의 거래 합계,,3628376000000.0,-634014000000.0
2025,사업보고서,자본에 직접 반영된 소유주와의 거래 합계,,842951000000.0,77745000000.0
2025,사업보고서,자본에 직접 반영된 소유주와의 거래 합계,,0.0,0.0
2025,사업보고서,자본에 직접 반영된 소유주와의 거래 합계,,-1681166000000.0,-826323000000.0
2025,사업보고서,자본에 직접 반영된 소유주와의 거래 합계,,0.0,0.0
2025,사업보고서,자본에 직접 반영된 소유주와의 거래 합계,,4466591000000.0,114564000000.0
2025,사업보고서,연결대상 범위의 변동,,446000000.0,
2025,사업보고서,연결대상 범위의 변동,,446000000.0,
2025,사업보고서,연결대상 범위의 변동,,0.0,
2025,사업보고서,연결대상 범위의 변동,,0.0,
2025,사업보고서,연결대상 범위의 변동,,0.0,
2025,사업보고서,연결대상 범위의 변동,,0.0,
2025,사업보고서,연결대상 범위의 변동,,0.0,
2025,사업보고서,연결대상 범위의 변동,,0.0,
2025,사업보고서,배당금의 지급,,1681166000000.0,826323000000.0
2025,사업보고서,배당금의 지급,,0.0,0.0
2025,사업보고서,배당금의 지급,,1681166000000.0,826323000000.0
2025,사업보고서,배당금의 지급,,0.0,0.0
2025,사업보고서,배당금의 지급,,0.0,0.0
2025,사업보고서,배당금의 지급,,1681166000000.0,826323000000.0
2025,사업보고서,배당금의 지급,,0.0,0.0
2025,사업보고서,배당금의 지급,,0.0,0.0
2025,사업보고서,종속기업 유상증자 및 소유지분변동,,73008000000.0,6032000000.0
2025,사업보고서,종속기업 유상증자 및 소유지분변동,,0.0,6032000000.0
2025,사업보고서,종속기업 유상증자 및 소유지분변동,,73008000000.0,0.0
2025,사업보고서,종속기업 유상증자 및 소유지분변동,,0.0,0.0
2025,사업보고서,종속기업 유상증자 및 소유지분변동,,0.0,0.0
2025,사업보고서,종속기업 유상증자 및 소유지분변동,,0.0,0.0
2025,사업보고서,종속기업 유상증자 및 소유지분변동,,0.0,0.0
2025,사업보고서,종속기업 유상증자 및 소유지분변동,,73008000000.0,0.0
2025,사업보고서,주식선택권의 부여/행사,,313313000000.0,60513000000.0
2025,사업보고서,주식선택권의 부여/행사,,104877000000.0,-4488000000.0
2025,사업보고서,주식선택권의 부여/행사,,80477000000.0,38569000000.0
2025,사업보고서,주식선택권의 부여/행사,,0.0,0.0
2025,사업보고서,주식선택권의 부여/행사,,0.0,0.0
2025,사업보고서,주식선택권의 부여/행사,,0.0,0.0
2025,사업보고서,주식선택권의 부여/행사,,127959000000.0,26432000000.0
2025,사업보고서,주식선택권의 부여/행사,,208436000000.0,65001000000.0
2025,사업보고서,자기주식의 처분,,5028098000000.0,127308000000.0
2025,사업보고서,자기주식의 처분,,0.0,0.0
2025,사업보고서,자기주식의 처분,,0.0,0.0
2025,사업보고서,자기주식의 처분,,0.0,0.0
2025,사업보고서,자기주식의 처분,,714992000000.0,51313000000.0
2025,사업보고서,자기주식의 처분,,5028098000000.0,127308000000.0
2025,사업보고서,자기주식의 처분,,0.0,0.0
2025,사업보고서,자기주식의 처분,,4313106000000.0,75995000000.0
2025,반기보고서,자산총계,,129087781000000.0,119855209000000.0
2025,반기보고서,유동자산,,45203170000000.0,42278887000000.0
2025,반기보고서,현금및현금성자산,,9075311000000.0,11205117000000.0
2025,반기보고서,단기투자자산,,1667287000000.0,569236000000.0
2025,반기보고서,당기법인세자산,,26290000000.0,57467000000.0
2025,반기보고서,매출채권,,13125210000000.0,13019006000000.0
2025,반기보고서,재고자산,,13408333000000.0,13313937000000.0
2025,반기보고서,매각예정자산,,133633000000.0,0.0
2025,반기보고서,기타유동자산,,1262329000000.0,1393744000000.0
2025,반기보고서,기타금융자산,,122977000000.0,45309000000.0
2025,반기보고서,기타수취채권,,162117000000.0,293061000000.0
2025,반기보고서,단기금융상품,,6219683000000.0,2382010000000.0
2025,반기보고서,비유동자산,,83884611000000.0,77576322000000.0
2025,반기보고서,이연법인세자산,,3507318000000.0,2811559000000.0
2025,반기보고서,무형자산,,3945141000000.0,4018847000000.0
2025,반기보고서,관계기업 및 공동기업투자,,1791487000000.0,1940663000000.0
2025,반기보고서,투자부동산,,194000000.0,200000000.0
2025,반기보고서,장기투자자산,,5831061000000.0,4041276000000.0
2025,반기보고서,종업원급여자산,,1299086000000.0,1154255000000.0
2025,반기보고서,기타비유동자산,,160382000000.0,174142000000.0
2025,반기보고서,기타금융자산,,123679000000.0,346749000000.0
2025,반기보고서,기타수취채권,,403716000000.0,444286000000.0
2025,반기보고서,유형자산,,64472933000000.0,60157474000000.0
2025,반기보고서,사용권자산,,2349614000000.0,2486871000000.0
2025,반기보고서,자본총계,,87142485000000.0,73915704000000.0
2025,반기보고서,지배기업의 소유지분,,87127160000000.0,73903394000000.0
2025,반기보고서,자본잉여금,,4725605000000.0,4487123000000.0
2025,반기보고서,기타자본,,-2104239000000.0,-2191549000000.0
2025,반기보고서,기타포괄손익누계액,,1490236000000.0,2532107000000.0
2025,반기보고서,자본금,,3657652000000.0,3657652000000.0
2025,반기보고서,이익잉여금,,79357906000000.0,65418061000000.0
2025,반기보고서,비지배지분,,15325000000.0,12310000000.0
2025,반기보고서,부채및자본총계,,129087781000000.0,119855209000000.0
2025,반기보고서,유동부채,,25324404000000.0,24965444000000.0
2025,반기보고서,기타지급채무,,3994501000000.0,3983543000000.0
2025,반기보고서,미지급금,,4305569000000.0,6967013000000.0
2025,반기보고서,차입금,,8521462000000.0,5252238000000.0
2025,반기보고서,리스부채,,535839000000.0,588355000000.0
2025,반기보고서,충당부채,,295372000000.0,270235000000.0
2025,반기보고서,당기법인세부채,,3470434000000.0,3083950000000.0
2025,반기보고서,매각예정부채,,13199000000.0,0.0
2025,반기보고서,기타금융부채,,1598682000000.0,1741587000000.0
2025,반기보고서,기타 유동부채,,726929000000.0,801176000000.0
2025,반기보고서,매입채무,,1862417000000.0,2277347000000.0
2025,반기보고서,부채총계,,41945296000000.0,45939505000000.0
2025,반기보고서,비유동부채,,16620892000000.0,20974061000000.0
2025,반기보고서,기타지급채무,,41727000000.0,51897000000.0
2025,반기보고서,이연법인세부채,,234327000000.0,217852000000.0
2025,반기보고서,차입금,,13319576000000.0,17431495000000.0
2025,반기보고서,리스부채,,1992294000000.0,2180021000000.0
2025,반기보고서,확정급여부채,,74424000000.0,68090000000.0
2025,반기보고서,기타금융부채,,5587000000.0,5909000000.0
2025,반기보고서,기타비유동부채,,552870000000.0,541770000000.0
2025,반기보고서,장기미지급금,,400087000000.0,477027000000.0
2025,반기보고서,영업이익,,9212851000000.0,
2025,반기보고서,기타영업외수익,,29879000000.0,
2025,반기보고서,기타영업외비용,,84571000000.0,
2025,반기보고서,판매비와관리비,,2770473000000.0,
2025,반기보고서,반기총포괄이익,,5942470000000.0,
2025,반기보고서,비지배지분,,-564000000.0,
2025,반기보고서,지배기업의 소유주지분,,5943034000000.0,
2025,반기보고서,매출원가,,10248628000000.0,
2025,반기보고서,기본주당반기순이익,,10135.0,
2025,반기보고서,희석주당반기순이익,,9580.0,
2025,반기보고서,금융비용,,2172268000000.0,
2025,반기보고서,금융수익,,1719380000000.0,
2025,반기보고서,매출총이익,,11983324000000.0,
2025,반기보고서,법인세비용,,1726367000000.0,
2025,반기보고서,법인세차감후 기타포괄손익,,-1053746000000.0,
2025,반기보고서,후속적으로 당기손익으로 재분류되는 포괄손익,,-1051456000000.0,
2025,반기보고서,파생상품평가손익,,6491000000.0,
2025,반기보고서,해외사업장환산외환차이,,-969409000000.0,
2025,반기보고서,관계기업의 기타포괄손익에 대한 지분,,-88538000000.0,
2025,반기보고서,후속적으로 당기손익으로 재분류되지 않는 포괄손익,,-2290000000.0,
2025,반기보고서,확정급여제도의 재측정요소,,-2290000000.0,
2025,반기보고서,반기순이익,,6996216000000.0,
2025,반기보고서,비지배지분,,-1012000000.0,
2025,반기보고서,지배기업의 소유주지분,,6997228000000.0,
2025,반기보고서,법인세비용차감전순이익,,8722583000000.0,
2025,반기보고서,매출액,,22231952000000.0,
2025,반기보고서,지분법투자 관련 손익,,17312000000.0,
2025,반기보고서,기초 현금및현금성자산,,11205117000000.0,
2025,반기보고서,반기말 현금및현금성자산,,9075311000000.0,
2025,반기보고서,매각예정분류,,-45946000000.0,
2025,반기보고서,재무활동 현금흐름,,-1270896000000.0,
2025,반기보고서,자기주식의 처분,,28560000000.0,
2025,반기보고서,종속회사 유상증자 및 소유지분변동,,0.0,
2025,반기보고서,배당금의 지급,,1159114000000.0,
2025,반기보고서,기타,,8000000.0,
2025,반기보고서,리스부채의 상환,,301734000000.0,
2025,반기보고서,차입금의 차입,,3175749000000.0,
2025,반기보고서,차입금의 상환,,3014365000000.0,
2025,반기보고서,투자활동 현금흐름,,-18669943000000.0,
2025,반기보고서,기타수취채권의 감소,,22740000000.0,
2025,반기보고서,기타금융자산의 감소,,796000000.0,
2025,반기보고서,단기금융상품의 감소,,3642179000000.0,
2025,반기보고서,기타수취채권의 증가,,9500000000.0,
2025,반기보고서,기타금융자산의 증가,,2305000000.0,
2025,반기보고서,단기금융상품의 증가,,7557759000000.0,
2025,반기보고서,사업결합으로 인한 현금유출,,3079783000000.0,
2025,반기보고서,장기투자자산의 처분,,274060000000.0,
2025,반기보고서,장기투자자산의 취득,,10197000000.0,
2025,반기보고서,단기투자자산의 순증감,,-954531000000.0,
2025,반기보고서,기타,,0.0,
2025,반기보고서,무형자산의 처분,,2137000000.0,
2025,반기보고서,관계기업투자주식의 처분,,7726000000.0,
2025,반기보고서,유형자산의 처분,,75170000000.0,
2025,반기보고서,무형자산의 취득,,460437000000.0,
2025,반기보고서,관계기업투자주식의 취득,,4500000000.0,
2025,반기보고서,유형자산의 취득,,10615739000000.0,
2025,반기보고서,영업활동 현금흐름,,18189841000000.0,
2025,반기보고서,영업으로부터 창출된 현금흐름,,21728137000000.0,
2025,반기보고서,배당금의 수취,,25932000000.0,
2025,반기보고서,법인세의 납부,,3250301000000.0,
2025,반기보고서,이자의 지급,,494127000000.0,
2025,반기보고서,이자의 수취,,180200000000.0,
2025,반기보고서,현금및현금성자산의 환율변동효과,,-332862000000.0,
2025,반기보고서,현금및현금성자산의 순증감,,-2129806000000.0,
2025,반기보고서,기초자본,,73903394000000.0,
2025,반기보고서,기초자본,,12310000000.0,
2025,반기보고서,기초자본,,73915704000000.0,
2025,반기보고서,기초자본,,-2191549000000.0,
2025,반기보고서,기초자본,,2532107000000.0,
2025,반기보고서,기초자본,,65418061000000.0,
2025,반기보고서,기초자본,,3657652000000.0,
2025,반기보고서,기초자본,,4487123000000.0,
2025,반기보고서,반기총포괄이익,,14057088000000.0,
2025,반기보고서,반기총포괄이익,,1308000000.0,
2025,반기보고서,반기총포괄이익,,5942470000000.0,
2025,반기보고서,반기총포괄이익,,0.0,
2025,반기보고서,반기총포괄이익,,0.0,
2025,반기보고서,반기총포괄이익,,0.0,
2025,반기보고서,반기총포괄이익,,15098959000000.0,
2025,반기보고서,반기총포괄이익,,-1041871000000.0,
2025,반기보고서,파생상품평가손익,,6491000000.0,
2025,반기보고서,파생상품평가손익,,0.0,
2025,반기보고서,파생상품평가손익,,-4785000000.0,
2025,반기보고서,파생상품평가손익,,0.0,
2025,반기보고서,파생상품평가손익,,0.0,
2025,반기보고서,파생상품평가손익,,-4785000000.0,
2025,반기보고서,파생상품평가손익,,0.0,
2025,반기보고서,파생상품평가손익,,0.0,
2025,반기보고서,해외사업장환산외환차이,,-969409000000.0,
2025,반기보고서,해외사업장환산외환차이,,1206000000.0,
2025,반기보고서,해외사업장환산외환차이,,-934825000000.0,
2025,반기보고서,해외사업장환산외환차이,,0.0,
2025,반기보고서,해외사업장환산외환차이,,-934825000000.0,
2025,반기보고서,해외사업장환산외환차이,,0.0,
2025,반기보고서,해외사업장환산외환차이,,0.0,
2025,반기보고서,해외사업장환산외환차이,,0.0,
2025,반기보고서,확정급여제도의 재측정요소,,-2290000000.0,
2025,반기보고서,확정급여제도의 재측정요소,,0.0,
2025,반기보고서,확정급여제도의 재측정요소,,-5350000000.0,
2025,반기보고서,확정급여제도의 재측정요소,,0.0,
2025,반기보고서,확정급여제도의 재측정요소,,0.0,
2025,반기보고서,확정급여제도의 재측정요소,,-5350000000.0,
2025,반기보고서,확정급여제도의 재측정요소,,0.0,
2025,반기보고서,확정급여제도의 재측정요소,,0.0,
2025,반기보고서,반기순이익,,6996216000000.0,
2025,반기보고서,반기순이익,,102000000.0,
2025,반기보고서,반기순이익,,15104309000000.0,
2025,반기보고서,반기순이익,,0.0,
2025,반기보고서,반기순이익,,0.0,
2025,반기보고서,반기순이익,,15104309000000.0,
2025,반기보고서,반기순이익,,0.0,
2025,반기보고서,반기순이익,,0.0,
2025,반기보고서,관계기업의 기타포괄손익에 대한 지분,,-88538000000.0,
2025,반기보고서,관계기업의 기타포괄손익에 대한 지분,,0.0,
2025,반기보고서,관계기업의 기타포괄손익에 대한 지분,,-102261000000.0,
2025,반기보고서,관계기업의 기타포괄손익에 대한 지분,,0.0,
2025,반기보고서,관계기업의 기타포괄손익에 대한 지분,,-102261000000.0,
2025,반기보고서,관계기업의 기타포괄손익에 대한 지분,,0.0,
2025,반기보고서,관계기업의 기타포괄손익에 대한 지분,,0.0,
2025,반기보고서,관계기업의 기타포괄손익에 대한 지분,,0.0,
2025,반기보고서,자본총계,,87142485000000.0,73915704000000.0
2025,반기보고서,자본총계,,15325000000.0,
2025,반기보고서,자본총계,,87127160000000.0,
2025,반기보고서,자본총계,,-2104239000000.0,
2025,반기보고서,자본총계,,1490236000000.0,
2025,반기보고서,자본총계,,79357906000000.0,
2025,반기보고서,자본총계,,3657652000000.0,
2025,반기보고서,자본총계,,4725605000000.0,
2025,반기보고서,자본에 직접 반영된 소유주와의 거래 합계,,-831615000000.0,
2025,반기보고서,자본에 직접 반영된 소유주와의 거래 합계,,1707000000.0,
2025,반기보고서,자본에 직접 반영된 소유주와의 거래 합계,,-833322000000.0,
2025,반기보고서,자본에 직접 반영된 소유주와의 거래 합계,,87310000000.0,
2025,반기보고서,자본에 직접 반영된 소유주와의 거래 합계,,0.0,
2025,반기보고서,자본에 직접 반영된 소유주와의 거래 합계,,-1159114000000.0,
2025,반기보고서,자본에 직접 반영된 소유주와의 거래 합계,,0.0,
2025,반기보고서,자본에 직접 반영된 소유주와의 거래 합계,,238482000000.0,
2025,반기보고서,연결대상범위의 변동,,315000000.0,
2025,반기보고서,연결대상범위의 변동,,315000000.0,
2025,반기보고서,연결대상범위의 변동,,0.0,
2025,반기보고서,연결대상범위의 변동,,0.0,
2025,반기보고서,연결대상범위의 변동,,0.0,
2025,반기보고서,연결대상범위의 변동,,0.0,
2025,반기보고서,연결대상범위의 변동,,0.0,
2025,반기보고서,연결대상범위의 변동,,0.0,
2025,반기보고서,종속기업 유상증자,,,
2025,반기보고서,종속기업 유상증자,,,
2025,반기보고서,종속기업 유상증자,,,
2025,반기보고서,종속기업 유상증자,,,
2025,반기보고서,종속기업 유상증자,,,
2025,반기보고서,종속기업 유상증자,,,
2025,반기보고서,종속기업 유상증자,,,
2025,반기보고서,종속기업 유상증자,,,
2025,반기보고서,배당금의 지급,,1159114000000.0,
2025,반기보고서,배당금의 지급,,0.0,
2025,반기보고서,배당금의 지급,,1159114000000.0,
2025,반기보고서,배당금의 지급,,0.0,
2025,반기보고서,배당금의 지급,,0.0,
2025,반기보고서,배당금의 지급,,1159114000000.0,
2025,반기보고서,배당금의 지급,,0.0,
2025,반기보고서,배당금의 지급,,0.0,
2025,반기보고서,종속기업 소유지분변동,,64562000000.0,
2025,반기보고서,종속기업 소유지분변동,,0.0,
2025,반기보고서,종속기업 소유지분변동,,64562000000.0,
2025,반기보고서,종속기업 소유지분변동,,0.0,
2025,반기보고서,종속기업 소유지분변동,,0.0,
2025,반기보고서,종속기업 소유지분변동,,0.0,
2025,반기보고서,종속기업 소유지분변동,,0.0,
2025,반기보고서,종속기업 소유지분변동,,64562000000.0,
2025,반기보고서,주식선택권의 부여/행사,,33672000000.0,
2025,반기보고서,주식선택권의 부여/행사,,1392000000.0,
2025,반기보고서,주식선택권의 부여/행사,,32280000000.0,
2025,반기보고서,주식선택권의 부여/행사,,9014000000.0,
2025,반기보고서,주식선택권의 부여/행사,,0.0,
2025,반기보고서,주식선택권의 부여/행사,,0.0,
2025,반기보고서,주식선택권의 부여/행사,,0.0,
2025,반기보고서,주식선택권의 부여/행사,,23266000000.0,
2025,반기보고서,자기주식의 처분,,228950000000.0,
2025,반기보고서,자기주식의 처분,,0.0,
2025,반기보고서,자기주식의 처분,,228950000000.0,
2025,반기보고서,자기주식의 처분,,78296000000.0,
2025,반기보고서,자기주식의 처분,,0.0,
2025,반기보고서,자기주식의 처분,,0.0,
2025,반기보고서,자기주식의 처분,,0.0,
2025,반기보고서,자기주식의 처분,,150654000000.0,
